timestamp,open,high,low,close,volume
2025-11-03 09:15:59,58141.8,58173.6,58087.4,58125.8,10290.0
2025-11-03 09:16:59,58105.0,58123.2,58095.8,58096.4,9940.0
2025-11-03 09:17:59,58096.2,58118.0,58080.8,58089.8,8435.0
2025-11-03 09:18:59,58080.0,58118.6,58080.0,58096.4,5635.0
2025-11-03 09:19:59,58100.4,58158.2,58095.6,58150.0,5215.0
2025-11-03 09:20:59,58160.2,58209.0,58157.8,58209.0,8925.0
2025-11-03 09:21:59,58204.6,58210.0,58162.4,58174.8,5810.0
2025-11-03 09:22:59,58190.2,58211.8,58180.2,58180.2,3325.0
2025-11-03 09:23:59,58180.2,58190.0,58170.0,58170.0,3920.0
2025-11-03 09:24:59,58170.8,58193.6,58160.4,58181.2,3815.0
2025-11-03 09:25:59,58165.2,58200.0,58165.2,58173.8,1785.0
2025-11-03 09:26:59,58173.8,58178.0,58123.8,58136.4,5425.0
2025-11-03 09:27:59,58136.4,58149.4,58121.0,58143.0,2870.0
2025-11-03 09:28:59,58143.0,58163.4,58141.0,58163.4,1785.0
2025-11-03 09:29:59,58163.4,58163.4,58138.0,58138.0,1050.0
2025-11-03 09:30:59,58142.6,58142.6,58111.0,58112.2,3045.0
2025-11-03 09:31:59,58118.4,58118.4,58101.2,58102.0,2345.0
2025-11-03 09:32:59,58102.0,58110.0,58083.0,58084.4,2975.0
2025-11-03 09:33:59,58084.4,58103.4,58084.4,58097.6,2100.0
2025-11-03 09:34:59,58097.6,58125.0,58088.2,58124.6,1610.0
2025-11-03 09:35:59,58124.2,58131.4,58120.0,58131.4,2835.0
2025-11-03 09:36:59,58130.2,58175.0,58130.2,58175.0,1050.0
2025-11-03 09:37:59,58175.0,58179.4,58146.4,58152.0,1365.0
2025-11-03 09:38:59,58159.6,58167.2,58149.2,58157.0,1610.0
2025-11-03 09:39:59,58157.0,58224.0,58149.0,58224.0,2660.0
2025-11-03 09:40:59,58227.0,58280.2,58227.0,58269.0,13860.0
2025-11-03 09:41:59,58265.8,58289.8,58265.8,58280.6,9905.0
2025-11-03 09:42:59,58277.8,58279.8,58265.0,58267.4,4515.0
2025-11-03 09:43:59,58268.0,58297.2,58265.6,58290.0,17255.0
2025-11-03 09:44:59,58290.0,58309.0,58282.6,58290.2,6720.0
2025-11-03 09:45:59,58292.0,58334.4,58292.0,58332.4,13930.0
2025-11-03 09:46:59,58332.8,58332.8,58300.0,58305.2,8155.0
2025-11-03 09:47:59,58314.2,58349.8,58303.6,58349.8,11375.0
2025-11-03 09:48:59,58349.0,58379.8,58335.2,58355.6,9415.0
2025-11-03 09:49:59,58365.0,58375.0,58360.0,58361.2,4970.0
2025-11-03 09:50:59,58362.6,58367.2,58320.2,58327.4,4690.0
2025-11-03 09:51:59,58323.2,58340.0,58300.0,58300.0,4130.0
2025-11-03 09:52:59,58297.6,58315.8,58285.2,58310.4,3395.0
2025-11-03 09:53:59,58310.4,58318.0,58310.4,58313.4,1435.0
2025-11-03 09:54:59,58312.0,58317.4,58300.0,58305.0,1400.0
2025-11-03 09:55:59,58305.0,58320.0,58305.0,58315.2,4305.0
2025-11-03 09:56:59,58315.0,58315.0,58290.0,58291.2,1680.0
2025-11-03 09:57:59,58290.4,58299.8,58270.8,58279.8,3955.0
2025-11-03 09:58:59,58279.8,58310.2,58279.8,58301.6,1575.0
2025-11-03 09:59:59,58301.6,58320.0,58290.0,58320.0,1750.0
2025-11-03 10:00:59,58320.4,58325.0,58275.0,58284.8,2660.0
2025-11-03 10:01:59,58279.2,58288.2,58260.0,58260.0,2660.0
2025-11-03 10:02:59,58260.0,58260.0,58230.2,58250.4,5670.0
2025-11-03 10:03:59,58250.4,58256.6,58239.0,58239.0,1120.0
2025-11-03 10:04:59,58239.0,58240.6,58235.0,58240.6,1120.0
2025-11-03 10:05:59,58240.6,58256.6,58230.2,58256.6,4060.0
2025-11-03 10:06:59,58260.0,58267.4,58229.0,58230.4,2485.0
2025-11-03 10:07:59,58230.4,58250.0,58230.0,58240.6,525.0
2025-11-03 10:08:59,58240.6,58250.2,58234.0,58234.0,560.0
2025-11-03 10:09:59,58234.0,58261.6,58233.6,58238.0,1365.0
2025-11-03 10:10:59,58238.0,58275.0,58238.0,58263.0,1120.0
2025-11-03 10:11:59,58263.0,58304.0,58260.2,58302.4,1645.0
2025-11-03 10:12:59,58302.4,58302.4,58261.4,58277.8,945.0
2025-11-03 10:13:59,58277.8,58292.0,58256.8,58277.8,840.0
2025-11-03 10:14:59,58277.8,58300.2,58273.8,58289.6,525.0
2025-11-03 10:15:59,58289.6,58292.8,58265.0,58274.6,3815.0
2025-11-03 10:16:59,58274.6,58290.0,58250.0,58290.0,1855.0
2025-11-03 10:17:59,58292.8,58321.8,58292.8,58321.8,5075.0
2025-11-03 10:18:59,58321.8,58349.0,58321.8,58328.6,6755.0
2025-11-03 10:19:59,58323.8,58335.0,58311.2,58325.0,2205.0
2025-11-03 10:20:59,58325.0,58339.0,58311.0,58311.0,700.0
2025-11-03 10:21:59,58311.0,58317.0,58295.2,58310.8,945.0
2025-11-03 10:22:59,58310.8,58338.4,58305.8,58325.2,2065.0
2025-11-03 10:23:59,58339.0,58340.0,58325.0,58339.0,945.0
2025-11-03 10:24:59,58339.0,58344.0,58330.2,58344.0,1015.0
2025-11-03 10:25:59,58340.0,58349.0,58323.2,58338.0,2870.0
2025-11-03 10:26:59,58335.4,58339.4,58332.8,58335.2,3850.0
2025-11-03 10:27:59,58335.0,58335.0,58308.0,58318.8,1470.0
2025-11-03 10:28:59,58318.8,58325.0,58305.8,58322.0,700.0
2025-11-03 10:29:59,58322.2,58324.0,58305.0,58320.0,805.0
2025-11-03 10:30:59,58320.0,58329.8,58298.6,58328.2,945.0
2025-11-03 10:31:59,58328.2,58343.4,58307.4,58343.4,1750.0
2025-11-03 10:32:59,58343.4,58344.2,58321.6,58321.6,770.0
2025-11-03 10:33:59,58321.6,58337.0,58321.6,58325.0,525.0
2025-11-03 10:34:59,58325.0,58325.0,58300.2,58322.0,875.0
2025-11-03 10:35:59,58322.0,58327.6,58309.0,58324.8,490.0
2025-11-03 10:36:59,58324.2,58335.6,58320.2,58335.4,665.0
2025-11-03 10:37:59,58335.4,58358.0,58335.4,58358.0,4445.0
2025-11-03 10:38:59,58358.0,58376.0,58354.8,58376.0,3500.0
2025-11-03 10:39:59,58375.0,58375.0,58354.8,58369.2,1645.0
2025-11-03 10:40:59,58367.2,58369.8,58356.2,58366.2,490.0
2025-11-03 10:41:59,58366.2,58367.8,58340.8,58349.2,3920.0
2025-11-03 10:42:59,58349.2,58364.8,58346.6,58362.6,665.0
2025-11-03 10:43:59,58362.6,58424.0,58356.0,58423.6,16205.0
2025-11-03 10:44:59,58424.0,58424.0,58407.0,58424.0,3325.0
2025-11-03 10:45:59,58425.6,58444.4,58424.8,58443.6,18585.0
2025-11-03 10:46:59,58442.4,58442.4,58415.0,58422.4,11935.0
2025-11-03 10:47:59,58425.6,58439.2,58422.4,58426.2,4515.0
2025-11-03 10:48:59,58426.4,58426.4,58395.0,58395.0,2030.0
2025-11-03 10:49:59,58395.0,58410.6,58395.0,58400.0,840.0
2025-11-03 10:50:59,58400.0,58400.0,58382.2,58399.8,1155.0
2025-11-03 10:51:59,58399.8,58399.8,58380.8,58386.0,2520.0
2025-11-03 10:52:59,58386.0,58400.0,58386.0,58392.6,875.0
2025-11-03 10:53:59,58392.6,58399.2,58384.2,58395.8,665.0
2025-11-03 10:54:59,58395.8,58395.8,58388.0,58388.0,665.0
2025-11-03 10:55:59,58388.0,58391.8,58380.0,58391.8,980.0
2025-11-03 10:56:59,58390.8,58392.2,58370.0,58375.4,3815.0
2025-11-03 10:57:59,58375.4,58380.2,58360.0,58380.2,1015.0
2025-11-03 10:58:59,58380.2,58386.0,58362.4,58386.0,455.0
2025-11-03 10:59:59,58386.0,58399.0,58385.6,58399.0,385.0
2025-11-03 11:00:59,58400.0,58410.0,58397.0,58400.2,2135.0
2025-11-03 11:01:59,58400.2,58410.0,58397.0,58404.4,805.0
2025-11-03 11:02:59,58404.4,58404.4,58394.4,58395.2,490.0
2025-11-03 11:03:59,58395.2,58404.2,58378.2,58395.4,1155.0
2025-11-03 11:04:59,58406.4,58406.4,58395.2,58402.0,455.0
2025-11-03 11:05:59,58402.0,58410.0,58395.2,58410.0,875.0
2025-11-03 11:06:59,58410.0,58429.0,58410.0,58415.4,1610.0
2025-11-03 11:07:59,58415.4,58430.0,58415.4,58429.6,595.0
2025-11-03 11:08:59,58429.6,58434.0,58425.2,58430.0,875.0
2025-11-03 11:09:59,58418.0,58430.0,58417.8,58429.8,770.0
2025-11-03 11:10:59,58429.8,58434.8,58410.2,58420.0,2485.0
2025-11-03 11:11:59,58420.0,58420.0,58400.4,58417.4,1995.0
2025-11-03 11:12:59,58400.4,58430.0,58400.4,58425.2,1610.0
2025-11-03 11:13:59,58425.2,58433.8,58422.6,58425.4,560.0
2025-11-03 11:14:59,58420.0,58420.0,58411.0,58415.2,1085.0
2025-11-03 11:15:59,58415.4,58417.4,58387.2,58387.4,1295.0
2025-11-03 11:16:59,58385.4,58396.0,58385.4,58393.8,1260.0
2025-11-03 11:17:59,58393.8,58393.8,58375.2,58390.4,665.0
2025-11-03 11:18:59,58390.4,58401.4,58385.0,58385.0,350.0
2025-11-03 11:19:59,58385.0,58385.0,58380.8,58380.8,245.0
2025-11-03 11:20:59,58380.8,58380.8,58352.0,58352.0,1785.0
2025-11-03 11:21:59,58352.0,58374.6,58352.0,58369.8,1645.0
2025-11-03 11:22:59,58369.8,58369.8,58357.6,58357.6,945.0
2025-11-03 11:23:59,58357.6,58357.6,58351.0,58351.0,875.0
2025-11-03 11:24:59,58351.0,58382.0,58351.0,58370.4,665.0
2025-11-03 11:25:59,58370.4,58385.0,58370.0,58370.0,3290.0
2025-11-03 11:26:59,58370.0,58370.0,58351.0,58359.0,4375.0
2025-11-03 11:27:59,58361.0,58378.4,58361.0,58369.8,1855.0
2025-11-03 11:28:59,58369.8,58370.0,58350.0,58367.6,1155.0
2025-11-03 11:29:59,58367.6,58378.6,58353.2,58378.6,315.0
2025-11-03 11:30:59,58373.6,58377.8,58357.4,58371.2,700.0
2025-11-03 11:31:59,58379.0,58399.6,58379.0,58399.6,1120.0
2025-11-03 11:32:59,58400.0,58400.0,58389.6,58389.6,595.0
2025-11-03 11:33:59,58389.6,58389.6,58384.2,58389.4,210.0
2025-11-03 11:34:59,58389.4,58389.4,58366.6,58383.6,560.0
2025-11-03 11:35:59,58383.6,58383.6,58353.4,58370.2,1155.0
2025-11-03 11:36:59,58370.2,58370.2,58346.8,58346.8,805.0
2025-11-03 11:37:59,58346.6,58359.6,58341.0,58345.0,1925.0
2025-11-03 11:38:59,58345.0,58345.0,58340.0,58341.4,805.0
2025-11-03 11:39:59,58341.4,58341.4,58321.0,58321.0,4550.0
2025-11-03 11:40:59,58321.0,58334.8,58311.0,58311.0,2800.0
2025-11-03 11:41:59,58311.0,58321.0,58310.0,58310.0,1645.0
2025-11-03 11:42:59,58310.0,58310.0,58300.0,58309.0,2275.0
2025-11-03 11:43:59,58309.0,58317.0,58290.0,58317.0,1260.0
2025-11-03 11:44:59,58307.0,58309.6,58290.0,58300.0,770.0
2025-11-03 11:45:59,58291.2,58300.2,58268.6,58290.0,4445.0
2025-11-03 11:46:59,58290.0,58308.4,58284.0,58300.0,1540.0
2025-11-03 11:47:59,58300.0,58309.8,58275.0,58275.0,980.0
2025-11-03 11:48:59,58275.0,58300.0,58275.0,58300.0,875.0
2025-11-03 11:49:59,58300.0,58318.2,58289.0,58300.0,1260.0
2025-11-03 11:50:59,58300.0,58338.4,58300.0,58325.0,1680.0
2025-11-03 11:51:59,58325.0,58325.2,58300.0,58308.8,490.0
2025-11-03 11:52:59,58308.8,58308.8,58283.6,58283.6,1925.0
2025-11-03 11:53:59,58286.4,58308.6,58286.4,58296.8,1400.0
2025-11-03 11:54:59,58296.8,58329.6,58295.2,58329.6,945.0
2025-11-03 11:55:59,58329.6,58339.8,58323.2,58338.6,595.0
2025-11-03 11:56:59,58338.6,58340.0,58338.6,58339.0,175.0
2025-11-03 11:57:59,58339.0,58348.6,58339.0,58346.8,805.0
2025-11-03 11:58:59,58346.8,58347.2,58335.0,58344.4,1260.0
2025-11-03 11:59:59,58344.4,58344.4,58321.0,58321.0,210.0
2025-11-03 12:00:59,58321.0,58324.4,58310.0,58310.0,385.0
2025-11-03 12:01:59,58310.0,58310.0,58302.4,58310.0,315.0
2025-11-03 12:02:59,58310.0,58315.0,58303.0,58303.0,140.0
2025-11-03 12:03:59,58303.0,58318.6,58303.0,58305.4,140.0
2025-11-03 12:04:59,58305.4,58330.0,58305.4,58330.0,175.0
2025-11-03 12:05:59,58330.0,58336.0,58330.0,58336.0,315.0
2025-11-03 12:06:59,58338.4,58343.0,58326.4,58339.8,560.0
2025-11-03 12:07:59,58339.8,58341.0,58326.0,58338.6,175.0
2025-11-03 12:08:59,58338.6,58338.6,58322.2,58326.4,245.0
2025-11-03 12:09:59,58338.0,58349.8,58325.6,58325.6,875.0
2025-11-03 12:10:59,58325.6,58327.6,58324.8,58326.2,280.0
2025-11-03 12:11:59,58326.2,58330.0,58317.6,58330.0,525.0
2025-11-03 12:12:59,58330.0,58349.0,58330.0,58349.0,560.0
2025-11-03 12:13:59,58349.0,58356.0,58340.2,58340.2,1820.0
2025-11-03 12:14:59,58340.2,58340.2,58320.6,58325.0,385.0
2025-11-03 12:15:59,58324.0,58343.8,58324.0,58343.8,385.0
2025-11-03 12:16:59,58343.8,58343.8,58324.0,58324.0,385.0
2025-11-03 12:17:59,58326.0,58347.8,58325.0,58335.2,385.0
2025-11-03 12:18:59,58335.2,58348.4,58335.2,58345.0,245.0
2025-11-03 12:19:59,58345.0,58360.8,58345.0,58360.0,1295.0
2025-11-03 12:20:59,58360.0,58361.0,58349.2,58349.2,665.0
2025-11-03 12:21:59,58340.0,58365.0,58340.0,58365.0,665.0
2025-11-03 12:22:59,58362.8,58376.4,58362.8,58376.4,3955.0
2025-11-03 12:23:59,58380.0,58390.0,58380.0,58390.0,2485.0
2025-11-03 12:24:59,58390.0,58400.0,58370.2,58370.2,2380.0
2025-11-03 12:25:59,58370.2,58376.0,58355.4,58355.4,910.0
2025-11-03 12:26:59,58355.4,58370.2,58355.4,58370.2,175.0
2025-11-03 12:27:59,58370.2,58390.0,58370.2,58371.8,385.0
2025-11-03 12:28:59,58371.8,58378.8,58371.8,58372.0,280.0
2025-11-03 12:29:59,58375.8,58375.8,58351.2,58364.0,910.0
2025-11-03 12:30:59,58364.0,58364.0,58351.2,58351.2,455.0
2025-11-03 12:31:59,58351.2,58354.4,58344.2,58344.2,1470.0
2025-11-03 12:32:59,58344.2,58344.8,58331.0,58344.0,1190.0
2025-11-03 12:33:59,58344.0,58373.6,58332.6,58358.0,1120.0
2025-11-03 12:34:59,58358.0,58377.8,58358.0,58377.8,1015.0
2025-11-03 12:35:59,58377.8,58377.8,58350.8,58350.8,175.0
2025-11-03 12:36:59,58350.8,58350.8,58340.2,58340.8,385.0
2025-11-03 12:37:59,58340.8,58348.0,58330.0,58340.4,700.0
2025-11-03 12:38:59,58340.4,58340.4,58340.0,58340.0,35.0
2025-11-03 12:39:59,58340.0,58345.2,58334.2,58345.2,140.0
2025-11-03 12:40:59,58345.2,58358.8,58340.0,58358.8,280.0
2025-11-03 12:41:59,58358.8,58358.8,58348.0,58348.0,105.0
2025-11-03 12:43:59,58348.0,58365.2,58348.0,58365.2,315.0
2025-11-03 12:44:59,58365.2,58365.2,58358.8,58358.8,245.0
2025-11-03 12:45:59,58358.8,58375.0,58358.8,58375.0,560.0
2025-11-03 12:46:59,58375.0,58385.0,58361.0,58369.6,875.0
2025-11-03 12:47:59,58369.6,58390.0,58369.6,58390.0,665.0
2025-11-03 12:48:59,58390.0,58396.0,58385.0,58396.0,1295.0
2025-11-03 12:49:59,58398.4,58400.0,58391.2,58391.8,2205.0
2025-11-03 12:50:59,58391.2,58404.0,58391.2,58399.0,2240.0
2025-11-03 12:51:59,58399.0,58399.0,58370.0,58370.0,1400.0
2025-11-03 12:52:59,58370.0,58399.0,58370.0,58395.8,595.0
2025-11-03 12:53:59,58395.8,58397.0,58390.0,58397.0,1050.0
2025-11-03 12:54:59,58396.4,58396.4,58390.8,58393.8,1260.0
2025-11-03 12:55:59,58393.8,58398.0,58393.6,58397.2,630.0
2025-11-03 12:56:59,58397.2,58405.0,58393.8,58405.0,1645.0
2025-11-03 12:57:59,58405.2,58420.2,58405.0,58420.2,2590.0
2025-11-03 12:58:59,58420.2,58420.8,58392.2,58402.4,5110.0
2025-11-03 12:59:59,58402.4,58415.4,58390.2,58397.2,630.0
2025-11-03 13:00:59,58409.0,58414.8,58395.2,58411.0,595.0
2025-11-03 13:01:59,58411.0,58411.0,58390.2,58405.2,1015.0
2025-11-03 13:02:59,58411.0,58411.0,58400.0,58405.0,420.0
2025-11-03 13:03:59,58405.0,58405.0,58401.4,58401.4,1120.0
2025-11-03 13:04:59,58401.4,58401.4,58391.8,58399.4,1015.0
2025-11-03 13:05:59,58399.4,58399.4,58377.2,58395.4,1295.0
2025-11-03 13:06:59,58395.4,58395.4,58383.0,58385.0,595.0
2025-11-03 13:07:59,58385.0,58400.0,58385.0,58400.0,595.0
2025-11-03 13:08:59,58401.0,58420.0,58401.0,58420.0,1505.0
2025-11-03 13:09:59,58423.0,58433.6,58423.0,58433.6,2940.0
2025-11-03 13:10:59,58440.2,58441.0,58430.0,58433.8,3010.0
2025-11-03 13:11:59,58433.8,58434.6,58414.4,58430.0,2415.0
2025-11-03 13:12:59,58430.0,58435.2,58420.2,58430.2,1085.0
2025-11-03 13:13:59,58430.0,58430.0,58425.0,58429.0,805.0
2025-11-03 13:14:59,58434.8,58434.8,58425.2,58432.0,805.0
2025-11-03 13:15:59,58432.0,58441.0,58425.4,58439.2,1050.0
2025-11-03 13:16:59,58439.2,58475.0,58439.2,58475.0,7700.0
2025-11-03 13:17:59,58474.0,58474.0,58446.4,58446.4,6160.0
2025-11-03 13:18:59,58426.0,58455.6,58424.6,58455.0,3955.0
2025-11-03 13:19:59,58455.0,58455.0,58441.4,58441.4,595.0
2025-11-03 13:20:59,58441.4,58455.0,58441.4,58455.0,945.0
2025-11-03 13:21:59,58455.0,58458.6,58453.8,58456.2,980.0
2025-11-03 13:22:59,58456.2,58457.2,58446.0,58453.8,385.0
2025-11-03 13:23:59,58453.8,58457.0,58446.2,58457.0,1120.0
2025-11-03 13:24:59,58457.0,58457.0,58422.4,58429.0,840.0
2025-11-03 13:25:59,58429.0,58431.6,58429.0,58429.0,175.0
2025-11-03 13:26:59,58429.0,58429.0,58410.0,58410.0,490.0
2025-11-03 13:27:59,58421.4,58423.0,58406.4,58422.0,455.0
2025-11-03 13:28:59,58422.0,58422.0,58405.0,58416.2,420.0
2025-11-03 13:29:59,58416.2,58430.0,58415.0,58428.2,2415.0
2025-11-03 13:30:59,58428.2,58430.0,58415.0,58415.0,2415.0
2025-11-03 13:31:59,58415.0,58425.0,58415.0,58420.2,105.0
2025-11-03 13:32:59,58420.2,58425.0,58420.2,58420.6,385.0
2025-11-03 13:33:59,58420.6,58420.6,58419.0,58420.0,1400.0
2025-11-03 13:34:59,58420.0,58449.8,58419.4,58440.8,1225.0
2025-11-03 13:35:59,58440.8,58457.0,58440.8,58450.0,2730.0
2025-11-03 13:36:59,58450.0,58453.0,58442.2,58450.0,245.0
2025-11-03 13:37:59,58450.0,58453.0,58440.0,58440.2,595.0
2025-11-03 13:38:59,58440.2,58454.8,58440.2,58454.8,1225.0
2025-11-03 13:39:59,58454.8,58456.6,58435.0,58437.4,7630.0
2025-11-03 13:40:59,58437.4,58465.0,58437.4,58465.0,1645.0
2025-11-03 13:41:59,58465.4,58472.6,58460.0,58461.4,3045.0
2025-11-03 13:42:59,58461.6,58470.8,58455.0,58455.0,1085.0
2025-11-03 13:43:59,58450.0,58450.0,58442.4,58442.4,490.0
2025-11-03 13:44:59,58454.0,58454.0,58435.2,58440.2,875.0
2025-11-03 13:45:59,58451.0,58453.6,58428.0,58430.6,3850.0
2025-11-03 13:46:59,58430.6,58460.6,58430.6,58460.0,1820.0
2025-11-03 13:47:59,58460.0,58460.4,58435.0,58442.2,1925.0
2025-11-03 13:48:59,58442.2,58442.2,58403.0,58407.0,1785.0
2025-11-03 13:49:59,58407.0,58423.0,58403.2,58410.0,1820.0
2025-11-03 13:50:59,58407.4,58414.4,58399.0,58400.0,3045.0
2025-11-03 13:51:59,58399.0,58409.8,58389.4,58401.8,1400.0
2025-11-03 13:52:59,58401.8,58431.2,58401.8,58420.4,1015.0
2025-11-03 13:53:59,58420.4,58422.2,58399.0,58399.0,525.0
2025-11-03 13:54:59,58400.0,58407.8,58400.0,58406.6,245.0
2025-11-03 13:55:59,58406.6,58425.0,58406.6,58424.8,350.0
2025-11-03 13:56:59,58424.8,58425.0,58417.4,58425.0,175.0
2025-11-03 13:57:59,58425.0,58433.0,58425.0,58433.0,665.0
2025-11-03 13:58:59,58433.0,58436.0,58433.0,58436.0,140.0
2025-11-03 13:59:59,58436.0,58436.0,58432.0,58434.8,350.0
2025-11-03 14:00:59,58444.0,58465.0,58443.2,58460.0,2205.0
2025-11-03 14:01:59,58460.0,58468.0,58456.0,58464.2,840.0
2025-11-03 14:02:59,58464.2,58468.0,58456.2,58464.4,700.0
2025-11-03 14:03:59,58464.4,58467.0,58438.2,58438.2,1540.0
2025-11-03 14:04:59,58438.2,58455.0,58433.4,58433.4,350.0
2025-11-03 14:05:59,58433.4,58445.0,58426.0,58426.0,455.0
2025-11-03 14:06:59,58426.0,58435.0,58426.0,58435.0,140.0
2025-11-03 14:07:59,58435.0,58438.4,58420.8,58422.8,490.0
2025-11-03 14:08:59,58422.8,58429.0,58419.4,58429.0,420.0
2025-11-03 14:09:59,58429.0,58433.4,58409.6,58425.0,525.0
2025-11-03 14:10:59,58425.0,58435.8,58420.6,58435.8,910.0
2025-11-03 14:11:59,58435.0,58435.0,58428.2,58428.2,490.0
2025-11-03 14:12:59,58428.2,58438.4,58415.2,58438.4,1015.0
2025-11-03 14:13:59,58438.4,58443.8,58427.4,58443.8,245.0
2025-11-03 14:14:59,58443.8,58455.0,58443.8,58455.0,1120.0
2025-11-03 14:15:59,58455.0,58462.0,58454.0,58454.0,1400.0
2025-11-03 14:16:59,58455.2,58470.0,58454.0,58470.0,1365.0
2025-11-03 14:17:59,58471.0,58488.8,58470.0,58481.2,6860.0
2025-11-03 14:18:59,58481.2,58488.8,58475.0,58484.0,4305.0
2025-11-03 14:19:59,58484.0,58484.0,58455.0,58464.0,1785.0
2025-11-03 14:20:59,58462.0,58475.0,58462.0,58475.0,525.0
2025-11-03 14:21:59,58470.0,58477.8,58470.0,58470.0,630.0
2025-11-03 14:22:59,58470.0,58499.0,58470.0,58499.0,4130.0
2025-11-03 14:23:59,58499.0,58499.0,58472.2,58490.0,5495.0
2025-11-03 14:24:59,58471.0,58488.0,58471.0,58471.6,770.0
2025-11-03 14:25:59,58471.6,58480.0,58471.6,58476.6,1225.0
2025-11-03 14:26:59,58476.6,58476.6,58457.2,58457.4,1575.0
2025-11-03 14:27:59,58457.4,58472.6,58457.0,58469.8,1225.0
2025-11-03 14:28:59,58470.0,58470.0,58456.0,58466.2,665.0
2025-11-03 14:29:59,58455.0,58468.0,58440.0,58440.0,1540.0
2025-11-03 14:30:59,58440.0,58453.4,58432.0,58440.4,840.0
2025-11-03 14:31:59,58440.4,58455.6,58440.4,58450.0,595.0
2025-11-03 14:32:59,58450.0,58457.0,58445.0,58445.0,455.0
2025-11-03 14:33:59,58445.0,58445.0,58440.0,58440.0,315.0
2025-11-03 14:34:59,58440.0,58440.0,58432.0,58439.2,455.0
2025-11-03 14:35:59,58439.2,58440.0,58429.0,58432.4,595.0
2025-11-03 14:36:59,58432.4,58439.0,58432.4,58433.4,245.0
2025-11-03 14:37:59,58438.4,58447.4,58438.4,58447.4,1330.0
2025-11-03 14:38:59,58447.4,58448.4,58440.0,58443.0,1365.0
2025-11-03 14:39:59,58442.4,58443.4,58435.0,58435.0,455.0
2025-11-03 14:40:59,58437.2,58437.2,58432.0,58432.0,455.0
2025-11-03 14:41:59,58432.0,58432.0,58420.2,58423.2,700.0
2025-11-03 14:42:59,58423.2,58439.4,58423.2,58439.4,350.0
2025-11-03 14:43:59,58439.8,58448.8,58430.0,58448.8,280.0
2025-11-03 14:44:59,58448.8,58448.8,58440.0,58440.0,315.0
2025-11-03 14:45:59,58440.0,58447.0,58440.0,58440.0,210.0
2025-11-03 14:46:59,58440.0,58446.0,58420.0,58420.0,560.0
2025-11-03 14:47:59,58420.0,58421.4,58410.0,58410.0,1190.0
2025-11-03 14:48:59,58410.0,58414.0,58404.0,58404.0,1540.0
2025-11-03 14:49:59,58404.2,58415.2,58402.2,58404.0,1855.0
2025-11-03 14:50:59,58402.0,58411.6,58400.0,58409.2,2835.0
2025-11-03 14:51:59,58409.2,58425.0,58404.0,58423.0,1400.0
2025-11-03 14:52:59,58423.0,58429.0,58423.0,58428.0,420.0
2025-11-03 14:53:59,58428.0,58429.0,58408.8,58411.6,875.0
2025-11-03 14:54:59,58413.6,58419.8,58406.6,58407.0,1295.0
2025-11-03 14:55:59,58408.4,58419.0,58405.0,58405.0,1295.0
2025-11-03 14:56:59,58405.0,58419.0,58405.0,58413.8,1120.0
2025-11-03 14:57:59,58413.8,58422.4,58413.0,58416.4,980.0
2025-11-03 14:58:59,58420.0,58420.0,58410.0,58410.0,1225.0
2025-11-03 14:59:59,58410.0,58410.0,58390.8,58393.8,2485.0
2025-11-03 15:00:59,58393.8,58410.0,58392.8,58410.0,1435.0
2025-11-03 15:01:59,58410.0,58410.0,58392.2,58393.0,1050.0
2025-11-03 15:02:59,58390.4,58395.0,58389.4,58390.0,2590.0
2025-11-03 15:03:59,58388.0,58388.0,58372.6,58373.0,2695.0
2025-11-03 15:04:59,58373.0,58383.8,58366.6,58370.0,2555.0
2025-11-03 15:05:59,58366.4,58381.8,58363.6,58363.6,3710.0
2025-11-03 15:06:59,58363.6,58369.4,58354.2,58354.2,3360.0
2025-11-03 15:07:59,58354.2,58378.0,58354.2,58371.2,3150.0
2025-11-03 15:08:59,58371.2,58393.0,58371.2,58390.0,6510.0
2025-11-03 15:09:59,58390.0,58410.0,58390.0,58398.6,6755.0
2025-11-03 15:10:59,58398.6,58410.0,58398.0,58401.4,2555.0
2025-11-03 15:11:59,58401.4,58401.4,58386.0,58391.2,2030.0
2025-11-03 15:12:59,58391.2,58400.0,58387.6,58388.4,1225.0
2025-11-03 15:13:59,58388.4,58410.0,58388.4,58410.0,1890.0
2025-11-03 15:14:59,58410.0,58415.0,58390.6,58391.2,1400.0
2025-11-03 15:15:59,58394.2,58420.0,58394.2,58418.6,5075.0
2025-11-03 15:16:59,58418.6,58429.0,58413.6,58425.0,2135.0
2025-11-03 15:17:59,58425.0,58430.0,58421.0,58429.6,2800.0
2025-11-03 15:18:59,58429.6,58430.0,58419.8,58430.0,3675.0
2025-11-03 15:19:59,58430.0,58437.8,58428.0,58431.0,2030.0
2025-11-03 15:20:59,58431.0,58431.0,58416.2,58423.2,3290.0
2025-11-03 15:21:59,58423.2,58436.0,58420.0,58422.0,3220.0
2025-11-03 15:22:59,58431.8,58433.0,58422.0,58425.8,2030.0
2025-11-03 15:23:59,58422.0,58424.0,58420.0,58420.2,1050.0
2025-11-03 15:24:59,58420.0,58421.8,58410.2,58414.8,1855.0
2025-11-03 15:25:59,58406.6,58424.8,58406.6,58417.6,5285.0
2025-11-03 15:26:59,58417.6,58420.0,58410.8,58412.6,5005.0
2025-11-03 15:27:59,58412.6,58420.0,58412.6,58414.0,5390.0
2025-11-03 15:28:59,58414.8,58420.0,58412.8,58413.8,5110.0
2025-11-03 15:29:59,58414.4,58430.0,58414.4,58429.0,5180.0
2025-11-04 09:15:59,58409.8,58409.8,58305.0,58379.6,6405.0
2025-11-04 09:16:59,58356.8,58380.0,58349.2,58362.8,4760.0
2025-11-04 09:17:59,58362.8,58390.0,58332.0,58335.8,3535.0
2025-11-04 09:18:59,58328.2,58338.8,58312.2,58334.8,4200.0
2025-11-04 09:19:59,58334.8,58335.6,58310.0,58310.0,3780.0
2025-11-04 09:20:59,58303.0,58329.8,58277.2,58302.2,11305.0
2025-11-04 09:21:59,58319.8,58321.0,58289.2,58294.8,2625.0
2025-11-04 09:22:59,58292.0,58310.0,58287.6,58298.0,3780.0
2025-11-04 09:23:59,58300.0,58306.2,58283.6,58298.8,3885.0
2025-11-04 09:24:59,58298.8,58298.8,58270.0,58298.0,5005.0
2025-11-04 09:25:59,58292.6,58292.6,58275.0,58276.4,3605.0
2025-11-04 09:26:59,58276.4,58282.4,58238.0,58238.0,16100.0
2025-11-04 09:27:59,58240.2,58240.2,58211.0,58211.0,8610.0
2025-11-04 09:28:59,58217.6,58218.2,58204.4,58204.4,9065.0
2025-11-04 09:29:59,58204.4,58220.4,58200.0,58205.0,10325.0
2025-11-04 09:30:59,58203.8,58203.8,58142.4,58150.0,43610.0
2025-11-04 09:31:59,58150.0,58150.0,58133.4,58135.4,21595.0
2025-11-04 09:32:59,58138.0,58164.4,58135.0,58164.4,5740.0
2025-11-04 09:33:59,58159.2,58183.6,58159.2,58170.0,6405.0
2025-11-04 09:34:59,58170.0,58170.0,58142.2,58142.2,2520.0
2025-11-04 09:35:59,58150.0,58150.0,58130.6,58131.8,7595.0
2025-11-04 09:36:59,58134.0,58155.0,58134.0,58146.8,5390.0
2025-11-04 09:37:59,58145.8,58169.4,58135.0,58140.2,8820.0
2025-11-04 09:38:59,58144.0,58148.0,58136.2,58148.0,8365.0
2025-11-04 09:39:59,58145.0,58164.8,58141.0,58164.8,7700.0
2025-11-04 09:40:59,58175.0,58203.8,58164.6,58203.8,3150.0
2025-11-04 09:41:59,58200.0,58200.0,58153.2,58173.4,1960.0
2025-11-04 09:42:59,58173.4,58174.4,58152.6,58160.0,1365.0
2025-11-04 09:43:59,58160.0,58180.8,58155.6,58174.4,840.0
2025-11-04 09:44:59,58174.4,58185.0,58163.2,58183.8,1645.0
2025-11-04 09:45:59,58175.4,58175.4,58144.4,58167.2,9030.0
2025-11-04 09:46:59,58167.2,58167.6,58139.2,58142.4,2415.0
2025-11-04 09:47:59,58142.4,58143.8,58112.2,58123.6,7035.0
2025-11-04 09:48:59,58112.2,58131.0,58112.0,58117.8,6930.0
2025-11-04 09:49:59,58122.0,58146.0,58120.4,58145.0,4585.0
2025-11-04 09:50:59,58145.0,58145.0,58112.2,58133.8,5740.0
2025-11-04 09:51:59,58123.6,58150.0,58116.0,58150.0,3815.0
2025-11-04 09:52:59,58152.0,58175.0,58152.0,58164.0,1400.0
2025-11-04 09:53:59,58164.0,58189.0,58155.0,58189.0,2695.0
2025-11-04 09:54:59,58189.0,58204.6,58168.2,58185.0,6195.0
2025-11-04 09:55:59,58185.0,58212.0,58179.8,58204.8,3815.0
2025-11-04 09:56:59,58204.8,58204.8,58190.0,58190.0,1925.0
2025-11-04 09:57:59,58190.0,58209.8,58190.0,58209.8,1190.0
2025-11-04 09:58:59,58209.8,58234.0,58209.8,58223.8,3500.0
2025-11-04 09:59:59,58223.8,58233.4,58203.6,58209.8,1610.0
2025-11-04 10:00:59,58203.6,58234.0,58202.0,58209.2,2905.0
2025-11-04 10:01:59,58209.2,58224.8,58202.6,58217.4,2485.0
2025-11-04 10:02:59,58217.4,58250.0,58217.4,58250.0,4165.0
2025-11-04 10:03:59,58250.0,58250.0,58229.6,58230.0,1155.0
2025-11-04 10:04:59,58230.0,58240.0,58224.0,58224.0,665.0
2025-11-04 10:05:59,58224.0,58229.6,58215.0,58215.0,490.0
2025-11-04 10:06:59,58215.0,58215.2,58187.8,58200.0,1925.0
2025-11-04 10:07:59,58200.0,58214.8,58197.6,58213.0,420.0
2025-11-04 10:08:59,58213.0,58215.2,58213.0,58215.2,175.0
2025-11-04 10:09:59,58215.2,58215.2,58179.2,58180.6,840.0
2025-11-04 10:10:59,58180.6,58180.6,58161.2,58161.8,910.0
2025-11-04 10:11:59,58161.8,58180.0,58161.8,58174.2,385.0
2025-11-04 10:12:59,58174.2,58193.6,58174.2,58180.2,385.0
2025-11-04 10:13:59,58180.2,58180.2,58168.8,58168.8,560.0
2025-11-04 10:14:59,58168.8,58168.8,58155.2,58163.0,735.0
2025-11-04 10:15:59,58155.0,58166.4,58100.0,58105.0,10150.0
2025-11-04 10:16:59,58100.0,58120.2,58100.0,58113.0,5880.0
2025-11-04 10:17:59,58112.6,58120.0,58101.4,58105.4,4445.0
2025-11-04 10:18:59,58111.8,58120.0,58107.2,58119.0,6335.0
2025-11-04 10:19:59,58119.8,58138.4,58119.4,58138.4,1225.0
2025-11-04 10:20:59,58138.4,58138.4,58130.0,58131.0,1015.0
2025-11-04 10:21:59,58131.0,58151.8,58121.8,58151.8,980.0
2025-11-04 10:22:59,58151.8,58170.0,58135.2,58170.0,560.0
2025-11-04 10:23:59,58170.0,58180.0,58151.2,58177.0,1505.0
2025-11-04 10:24:59,58169.6,58193.0,58157.4,58189.2,3815.0
2025-11-04 10:25:59,58189.2,58198.0,58178.4,58179.8,1750.0
2025-11-04 10:26:59,58179.8,58199.0,58174.8,58199.0,3185.0
2025-11-04 10:27:59,58199.8,58199.8,58186.8,58186.8,980.0
2025-11-04 10:28:59,58186.8,58187.4,58180.2,58187.4,315.0
2025-11-04 10:29:59,58187.4,58198.8,58183.6,58187.8,560.0
2025-11-04 10:30:59,58195.2,58195.2,58171.2,58171.2,1540.0
2025-11-04 10:31:59,58171.2,58187.0,58170.0,58173.0,5670.0
2025-11-04 10:32:59,58173.0,58185.2,58173.0,58182.0,490.0
2025-11-04 10:33:59,58182.0,58198.6,58177.8,58198.4,1085.0
2025-11-04 10:34:59,58190.0,58213.6,58190.0,58205.2,1295.0
2025-11-04 10:35:59,58205.2,58205.2,58185.0,58189.8,980.0
2025-11-04 10:36:59,58189.8,58202.8,58189.6,58202.4,980.0
2025-11-04 10:37:59,58202.4,58219.8,58202.4,58219.8,1155.0
2025-11-04 10:38:59,58219.8,58219.8,58177.2,58184.0,1890.0
2025-11-04 10:39:59,58179.0,58197.2,58177.0,58197.2,735.0
2025-11-04 10:40:59,58197.2,58197.2,58186.0,58190.0,350.0
2025-11-04 10:41:59,58190.0,58194.8,58190.0,58194.8,210.0
2025-11-04 10:42:59,58194.8,58199.0,58194.8,58198.8,210.0
2025-11-04 10:43:59,58198.8,58204.6,58195.0,58204.6,245.0
2025-11-04 10:44:59,58204.6,58204.6,58187.0,58187.0,140.0
2025-11-04 10:45:59,58172.6,58182.8,58169.2,58170.0,1260.0
2025-11-04 10:46:59,58170.0,58182.8,58165.2,58168.4,1085.0
2025-11-04 10:47:59,58168.4,58168.4,58155.0,58164.8,2345.0
2025-11-04 10:48:59,58164.8,58165.0,58150.0,58152.0,1715.0
2025-11-04 10:49:59,58152.0,58183.0,58145.0,58183.0,1750.0
2025-11-04 10:50:59,58183.0,58183.0,58169.4,58181.4,455.0
2025-11-04 10:51:59,58181.4,58190.0,58175.0,58175.0,1365.0
2025-11-04 10:52:59,58175.0,58177.2,58158.2,58177.2,1575.0
2025-11-04 10:53:59,58177.2,58189.8,58177.2,58189.8,385.0
2025-11-04 10:54:59,58189.8,58196.4,58178.2,58188.2,175.0
2025-11-04 10:55:59,58188.2,58197.0,58172.8,58180.2,945.0
2025-11-04 10:56:59,58180.2,58197.0,58180.2,58197.0,210.0
2025-11-04 10:57:59,58197.0,58204.8,58188.4,58200.0,770.0
2025-11-04 10:58:59,58200.0,58208.8,58200.0,58208.8,770.0
2025-11-04 10:59:59,58202.2,58233.2,58202.2,58233.2,2765.0
2025-11-04 11:00:59,58232.0,58279.0,58232.0,58260.6,9415.0
2025-11-04 11:01:59,58260.6,58270.0,58252.0,58263.2,2100.0
2025-11-04 11:02:59,58263.2,58263.4,58250.2,58260.0,1400.0
2025-11-04 11:03:59,58260.0,58265.0,58257.0,58265.0,1610.0
2025-11-04 11:04:59,58265.0,58265.0,58232.0,58240.0,1645.0
2025-11-04 11:05:59,58240.0,58240.0,58214.2,58214.2,840.0
2025-11-04 11:06:59,58214.2,58230.2,58214.2,58230.2,945.0
2025-11-04 11:07:59,58230.2,58230.2,58227.4,58229.8,525.0
2025-11-04 11:08:59,58229.8,58229.8,58197.0,58197.0,1050.0
2025-11-04 11:09:59,58197.0,58200.2,58190.0,58190.2,595.0
2025-11-04 11:10:59,58190.0,58198.0,58180.0,58180.0,1470.0
2025-11-04 11:11:59,58180.0,58180.2,58158.2,58176.8,2555.0
2025-11-04 11:12:59,58177.8,58190.0,58177.8,58190.0,595.0
2025-11-04 11:13:59,58190.0,58198.8,58185.2,58185.2,1190.0
2025-11-04 11:14:59,58185.2,58200.0,58185.2,58200.0,490.0
2025-11-04 11:15:59,58200.0,58200.0,58191.4,58197.2,1015.0
2025-11-04 11:16:59,58197.2,58200.0,58192.6,58192.6,245.0
2025-11-04 11:17:59,58192.6,58196.4,58190.0,58190.0,350.0
2025-11-04 11:18:59,58199.0,58199.0,58191.0,58191.0,140.0
2025-11-04 11:19:59,58191.0,58191.0,58185.0,58185.0,210.0
2025-11-04 11:20:59,58185.0,58193.2,58185.0,58193.2,105.0
2025-11-04 11:21:59,58193.2,58193.2,58178.0,58178.0,350.0
2025-11-04 11:22:59,58170.2,58178.8,58170.0,58178.8,105.0
2025-11-04 11:23:59,58178.8,58200.0,58178.8,58200.0,175.0
2025-11-04 11:24:59,58200.0,58200.0,58163.8,58164.0,1610.0
2025-11-04 11:25:59,58164.0,58173.2,58160.0,58160.0,875.0
2025-11-04 11:26:59,58155.0,58160.0,58146.0,58160.0,1330.0
2025-11-04 11:27:59,58160.0,58178.6,58160.0,58178.6,490.0
2025-11-04 11:28:59,58178.6,58178.6,58165.4,58165.4,140.0
2025-11-04 11:29:59,58165.4,58179.8,58165.4,58169.6,700.0
2025-11-04 11:30:59,58172.6,58179.8,58156.2,58156.2,595.0
2025-11-04 11:31:59,58157.4,58158.8,58156.0,58156.4,1260.0
2025-11-04 11:32:59,58156.4,58173.8,58141.2,58141.2,1820.0
2025-11-04 11:33:59,58141.2,58149.0,58130.0,58135.0,3325.0
2025-11-04 11:34:59,58135.0,58137.6,58122.2,58137.6,1785.0
2025-11-04 11:35:59,58137.6,58160.0,58123.4,58160.0,560.0
2025-11-04 11:36:59,58157.4,58164.6,58139.0,58140.2,980.0
2025-11-04 11:37:59,58140.2,58160.2,58140.2,58141.0,560.0
2025-11-04 11:38:59,58141.0,58153.2,58074.8,58095.0,9450.0
2025-11-04 11:39:59,58095.0,58111.0,58085.4,58105.2,3325.0
2025-11-04 11:40:59,58105.2,58105.2,58095.0,58100.0,1085.0
2025-11-04 11:41:59,58105.0,58105.0,58092.8,58094.8,1050.0
2025-11-04 11:42:59,58093.0,58127.2,58093.0,58126.4,2345.0
2025-11-04 11:43:59,58126.4,58142.8,58120.0,58132.0,2205.0
2025-11-04 11:44:59,58132.0,58142.6,58122.2,58131.8,1365.0
2025-11-04 11:45:59,58131.8,58134.4,58110.2,58119.8,1750.0
2025-11-04 11:46:59,58119.8,58120.0,58115.0,58119.8,490.0
2025-11-04 11:47:59,58119.8,58122.0,58113.6,58122.0,665.0
2025-11-04 11:48:59,58122.0,58122.0,58108.4,58116.8,1085.0
2025-11-04 11:49:59,58110.0,58122.0,58109.6,58112.0,1155.0
2025-11-04 11:50:59,58112.0,58122.0,58102.8,58120.0,1050.0
2025-11-04 11:51:59,58122.0,58129.8,58115.0,58121.6,735.0
2025-11-04 11:52:59,58121.6,58129.6,58118.0,58124.0,735.0
2025-11-04 11:53:59,58124.0,58137.8,58124.0,58137.8,1120.0
2025-11-04 11:54:59,58137.8,58150.0,58131.4,58146.0,665.0
2025-11-04 11:55:59,58132.4,58145.2,58132.4,58145.2,665.0
2025-11-04 11:56:59,58145.2,58146.2,58129.2,58129.2,910.0
2025-11-04 11:57:59,58129.2,58157.0,58129.2,58157.0,700.0
2025-11-04 11:58:59,58157.0,58157.0,58137.0,58150.6,595.0
2025-11-04 11:59:59,58150.6,58150.6,58128.8,58128.8,735.0
2025-11-04 12:00:59,58118.2,58144.8,58111.6,58130.8,1365.0
2025-11-04 12:01:59,58130.8,58155.0,58121.0,58155.0,980.0
2025-11-04 12:02:59,58155.0,58158.2,58150.0,58150.0,945.0
2025-11-04 12:03:59,58140.0,58140.0,58131.8,58139.4,420.0
2025-11-04 12:04:59,58139.4,58142.6,58139.4,58142.6,70.0
2025-11-04 12:05:59,58149.0,58150.8,58142.6,58147.6,595.0
2025-11-04 12:06:59,58147.6,58149.0,58147.6,58149.0,175.0
2025-11-04 12:07:59,58149.0,58149.2,58142.0,58142.0,840.0
2025-11-04 12:08:59,58142.0,58142.0,58124.6,58124.6,175.0
2025-11-04 12:09:59,58124.6,58141.6,58124.4,58141.6,875.0
2025-11-04 12:10:59,58141.6,58149.6,58135.8,58149.6,245.0
2025-11-04 12:11:59,58149.6,58149.6,58149.6,58149.6,35.0
2025-11-04 12:12:59,58149.6,58150.0,58149.6,58149.8,280.0
2025-11-04 12:13:59,58149.8,58149.8,58137.0,58149.8,105.0
2025-11-04 12:14:59,58150.6,58172.8,58150.6,58172.8,735.0
2025-11-04 12:15:59,58172.8,58172.8,58150.6,58150.6,665.0
2025-11-04 12:16:59,58150.0,58153.0,58129.0,58131.2,770.0
2025-11-04 12:17:59,58131.2,58131.2,58131.2,58131.2,70.0
2025-11-04 12:18:59,58140.0,58171.6,58138.4,58167.0,595.0
2025-11-04 12:19:59,58167.0,58175.0,58167.0,58168.8,315.0
2025-11-04 12:20:59,58175.0,58178.8,58160.0,58160.0,700.0
2025-11-04 12:21:59,58160.0,58174.6,58160.0,58160.0,175.0
2025-11-04 12:22:59,58160.0,58160.4,58154.2,58154.2,490.0
2025-11-04 12:23:59,58165.0,58165.0,58165.0,58165.0,70.0
2025-11-04 12:24:59,58161.8,58169.2,58146.4,58146.4,350.0
2025-11-04 12:25:59,58146.4,58161.8,58146.4,58161.8,70.0
2025-11-04 12:26:59,58161.8,58162.2,58155.6,58155.6,280.0
2025-11-04 12:27:59,58155.6,58155.6,58147.0,58147.0,140.0
2025-11-04 12:28:59,58147.0,58147.0,58125.6,58125.6,455.0
2025-11-04 12:29:59,58125.6,58146.6,58125.0,58145.4,2030.0
2025-11-04 12:30:59,58145.4,58145.4,58116.0,58121.2,350.0
2025-11-04 12:31:59,58121.2,58136.0,58116.0,58120.0,595.0
2025-11-04 12:32:59,58120.0,58131.6,58120.0,58131.6,245.0
2025-11-04 12:33:59,58131.6,58131.6,58131.0,58131.0,35.0
2025-11-04 12:34:59,58131.6,58138.2,58131.6,58138.2,280.0
2025-11-04 12:35:59,58138.2,58138.2,58130.2,58135.0,175.0
2025-11-04 12:36:59,58135.0,58135.0,58118.0,58118.0,420.0
2025-11-04 12:37:59,58118.0,58128.8,58116.2,58128.8,140.0
2025-11-04 12:38:59,58128.8,58128.8,58109.8,58112.2,700.0
2025-11-04 12:39:59,58112.2,58121.6,58105.2,58121.6,980.0
2025-11-04 12:40:59,58121.6,58123.6,58102.2,58117.0,3675.0
2025-11-04 12:41:59,58117.0,58117.0,58101.0,58105.0,245.0
2025-11-04 12:42:59,58105.0,58118.4,58102.0,58118.4,245.0
2025-11-04 12:43:59,58118.4,58142.2,58118.4,58142.2,420.0
2025-11-04 12:44:59,58142.2,58144.8,58142.2,58144.8,35.0
2025-11-04 12:45:59,58144.8,58144.8,58143.6,58144.0,210.0
2025-11-04 12:46:59,58144.0,58157.0,58129.0,58157.0,910.0
2025-11-04 12:47:59,58157.0,58161.0,58157.0,58161.0,140.0
2025-11-04 12:48:59,58161.0,58171.2,58161.0,58169.4,595.0
2025-11-04 12:49:59,58162.0,58162.0,58133.4,58149.8,735.0
2025-11-04 12:50:59,58149.8,58150.0,58128.8,58144.4,420.0
2025-11-04 12:51:59,58144.4,58144.4,58140.6,58140.6,175.0
2025-11-04 12:52:59,58142.8,58142.8,58131.8,58135.8,420.0
2025-11-04 12:53:59,58125.8,58135.4,58125.2,58125.2,280.0
2025-11-04 12:54:59,58125.2,58133.4,58125.2,58133.4,140.0
2025-11-04 12:55:59,58133.4,58143.0,58125.2,58143.0,350.0
2025-11-04 12:56:59,58143.0,58168.6,58141.0,58168.6,350.0
2025-11-04 12:57:59,58162.8,58166.0,58150.0,58155.2,315.0
2025-11-04 12:58:59,58155.2,58159.8,58150.0,58150.0,350.0
2025-11-04 12:59:59,58155.2,58159.8,58140.0,58156.4,385.0
2025-11-04 13:00:59,58156.4,58163.2,58143.4,58143.4,875.0
2025-11-04 13:01:59,58143.4,58159.8,58142.8,58154.4,455.0
2025-11-04 13:02:59,58154.4,58162.8,58154.4,58158.4,595.0
2025-11-04 13:03:59,58146.0,58146.0,58125.4,58129.6,490.0
2025-11-04 13:04:59,58129.6,58141.4,58129.6,58141.4,560.0
2025-11-04 13:05:59,58141.4,58160.8,58141.4,58160.8,280.0
2025-11-04 13:06:59,58160.8,58161.0,58151.2,58151.2,350.0
2025-11-04 13:07:59,58151.2,58165.0,58151.2,58159.4,490.0
2025-11-04 13:08:59,58159.4,58159.4,58151.4,58158.8,420.0
2025-11-04 13:09:59,58158.8,58159.4,58151.2,58151.2,280.0
2025-11-04 13:10:59,58151.2,58158.6,58151.2,58158.0,280.0
2025-11-04 13:11:59,58158.0,58160.0,58142.6,58145.0,245.0
2025-11-04 13:12:59,58145.0,58149.4,58142.6,58149.4,70.0
2025-11-04 13:13:59,58149.4,58149.4,58138.0,58140.8,210.0
2025-11-04 13:14:59,58140.8,58144.0,58140.8,58144.0,105.0
2025-11-04 13:16:59,58144.0,58144.0,58136.0,58136.0,455.0
2025-11-04 13:17:59,58135.0,58135.0,58125.0,58125.2,980.0
2025-11-04 13:18:59,58125.2,58141.6,58125.2,58130.4,1750.0
2025-11-04 13:19:59,58130.0,58142.4,58119.4,58119.4,2450.0
2025-11-04 13:20:59,58119.4,58124.2,58111.0,58112.0,2625.0
2025-11-04 13:21:59,58112.0,58116.2,58096.6,58100.0,6685.0
2025-11-04 13:22:59,58100.0,58100.0,58091.4,58100.0,4795.0
2025-11-04 13:23:59,58118.2,58128.6,58099.6,58118.0,6475.0
2025-11-04 13:24:59,58108.2,58124.8,58108.0,58108.4,1960.0
2025-11-04 13:25:59,58108.4,58130.0,58108.4,58129.0,1225.0
2025-11-04 13:26:59,58129.0,58140.0,58115.0,58140.0,420.0
2025-11-04 13:27:59,58140.0,58149.8,58128.4,58128.4,735.0
2025-11-04 13:28:59,58128.4,58162.8,58128.4,58152.6,980.0
2025-11-04 13:29:59,58152.6,58193.8,58152.6,58189.6,3185.0
2025-11-04 13:30:59,58198.0,58220.0,58185.0,58185.0,4025.0
2025-11-04 13:31:59,58185.0,58194.8,58169.0,58184.0,3325.0
2025-11-04 13:32:59,58184.0,58188.4,58168.4,58171.0,1225.0
2025-11-04 13:33:59,58170.0,58170.0,58150.2,58162.4,1680.0
2025-11-04 13:34:59,58162.4,58166.0,58150.0,58166.0,1260.0
2025-11-04 13:35:59,58166.0,58169.0,58155.0,58155.0,210.0
2025-11-04 13:36:59,58155.0,58187.4,58146.8,58169.2,1365.0
2025-11-04 13:37:59,58169.2,58183.6,58169.0,58169.4,420.0
2025-11-04 13:38:59,58169.4,58183.0,58169.4,58175.0,210.0
2025-11-04 13:39:59,58175.0,58189.8,58170.8,58175.0,910.0
2025-11-04 13:40:59,58175.0,58183.4,58155.0,58183.4,770.0
2025-11-04 13:41:59,58183.4,58198.0,58183.4,58198.0,595.0
2025-11-04 13:42:59,58196.0,58196.0,58175.0,58182.6,910.0
2025-11-04 13:43:59,58182.6,58185.0,58181.0,58185.0,245.0
2025-11-04 13:44:59,58185.0,58200.0,58185.0,58194.4,805.0
2025-11-04 13:45:59,58194.4,58200.0,58191.2,58191.2,595.0
2025-11-04 13:46:59,58191.2,58209.0,58185.2,58185.2,3955.0
2025-11-04 13:47:59,58185.2,58194.8,58185.2,58190.4,595.0
2025-11-04 13:48:59,58190.4,58197.0,58185.0,58185.0,2030.0
2025-11-04 13:49:59,58185.0,58190.8,58160.0,58160.8,1190.0
2025-11-04 13:50:59,58160.8,58169.2,58150.0,58150.0,455.0
2025-11-04 13:51:59,58154.8,58158.6,58150.0,58158.6,525.0
2025-11-04 13:52:59,58158.6,58175.0,58158.6,58163.2,350.0
2025-11-04 13:53:59,58163.2,58175.0,58163.2,58175.0,105.0
2025-11-04 13:54:59,58175.0,58180.0,58175.0,58176.6,210.0
2025-11-04 13:55:59,58176.6,58184.2,58175.0,58179.6,1155.0
2025-11-04 13:56:59,58179.6,58192.8,58174.2,58174.2,210.0
2025-11-04 13:57:59,58174.2,58184.2,58174.2,58184.2,70.0
2025-11-04 13:58:59,58178.6,58199.0,58178.6,58199.0,490.0
2025-11-04 13:59:59,58199.0,58199.8,58170.0,58170.0,700.0
2025-11-04 14:00:59,58170.0,58177.0,58170.0,58177.0,280.0
2025-11-04 14:01:59,58163.2,58175.2,58160.0,58174.8,455.0
2025-11-04 14:02:59,58174.8,58175.2,58160.0,58160.4,420.0
2025-11-04 14:03:59,58160.4,58160.4,58145.0,58145.0,525.0
2025-11-04 14:04:59,58145.0,58160.4,58132.4,58160.4,1085.0
2025-11-04 14:05:59,58160.4,58160.4,58150.0,58150.0,210.0
2025-11-04 14:06:59,58142.4,58159.6,58142.4,58155.2,245.0
2025-11-04 14:07:59,58155.2,58155.2,58136.8,58153.8,1120.0
2025-11-04 14:08:59,58153.8,58160.4,58150.0,58160.4,420.0
2025-11-04 14:09:59,58160.4,58160.4,58147.0,58160.4,1190.0
2025-11-04 14:10:59,58160.4,58160.4,58126.0,58129.6,665.0
2025-11-04 14:11:59,58129.6,58143.0,58129.6,58142.8,210.0
2025-11-04 14:12:59,58142.8,58142.8,58105.0,58105.0,1645.0
2025-11-04 14:13:59,58105.0,58111.2,58100.0,58111.2,2520.0
2025-11-04 14:14:59,58111.2,58130.0,58111.2,58130.0,1260.0
2025-11-04 14:15:59,58128.0,58129.8,58101.6,58122.0,1575.0
2025-11-04 14:16:59,58122.0,58126.8,58104.0,58121.0,1645.0
2025-11-04 14:17:59,58121.0,58122.0,58104.4,58122.0,770.0
2025-11-04 14:18:59,58116.8,58122.0,58109.0,58109.0,525.0
2025-11-04 14:19:59,58109.0,58122.0,58109.0,58115.4,770.0
2025-11-04 14:20:59,58115.4,58126.2,58115.4,58115.4,175.0
2025-11-04 14:21:59,58115.4,58125.0,58115.4,58120.0,210.0
2025-11-04 14:22:59,58120.0,58120.0,58110.0,58115.0,1085.0
2025-11-04 14:23:59,58111.0,58111.0,58090.0,58091.8,3115.0
2025-11-04 14:24:59,58091.8,58111.2,58091.8,58109.2,1610.0
2025-11-04 14:25:59,58109.2,58122.4,58109.2,58120.0,630.0
2025-11-04 14:26:59,58119.8,58119.8,58098.4,58117.6,840.0
2025-11-04 14:27:59,58117.6,58130.0,58114.0,58114.0,350.0
2025-11-04 14:28:59,58133.6,58148.2,58129.8,58136.4,2765.0
2025-11-04 14:29:59,58136.4,58160.0,58136.4,58151.4,630.0
2025-11-04 14:30:59,58160.0,58168.6,58145.6,58147.4,2485.0
2025-11-04 14:31:59,58147.4,58147.4,58128.0,58128.0,1925.0
2025-11-04 14:32:59,58128.0,58134.8,58128.0,58134.8,350.0
2025-11-04 14:33:59,58134.8,58134.8,58125.2,58125.2,210.0
2025-11-04 14:34:59,58130.0,58139.0,58127.0,58138.0,350.0
2025-11-04 14:35:59,58138.0,58150.2,58131.6,58150.2,455.0
2025-11-04 14:36:59,58150.2,58168.8,58145.2,58150.0,1750.0
2025-11-04 14:37:59,58150.0,58151.6,58130.2,58130.2,350.0
2025-11-04 14:38:59,58130.2,58150.0,58122.2,58150.0,560.0
2025-11-04 14:39:59,58150.0,58150.0,58128.4,58149.8,455.0
2025-11-04 14:40:59,58149.8,58150.0,58144.8,58144.8,735.0
2025-11-04 14:41:59,58144.8,58145.2,58130.2,58130.2,525.0
2025-11-04 14:42:59,58130.2,58149.8,58130.2,58149.8,140.0
2025-11-04 14:43:59,58140.2,58143.2,58129.0,58135.2,560.0
2025-11-04 14:44:59,58135.2,58146.2,58135.2,58135.2,455.0
2025-11-04 14:45:59,58135.2,58135.2,58130.0,58130.0,35.0
2025-11-04 14:46:59,58131.6,58143.0,58126.6,58126.6,630.0
2025-11-04 14:47:59,58126.6,58134.8,58126.6,58127.4,385.0
2025-11-04 14:48:59,58127.4,58140.4,58125.0,58125.2,525.0
2025-11-04 14:49:59,58125.2,58140.0,58125.2,58126.0,175.0
2025-11-04 14:50:59,58126.0,58126.0,58120.0,58120.0,525.0
2025-11-04 14:51:59,58120.0,58120.0,58107.2,58112.0,1190.0
2025-11-04 14:52:59,58112.0,58136.8,58112.0,58136.8,2415.0
2025-11-04 14:53:59,58136.8,58159.6,58136.8,58150.0,6545.0
2025-11-04 14:54:59,58150.0,58150.0,58114.0,58125.2,1855.0
2025-11-04 14:55:59,58125.2,58131.8,58125.0,58127.6,840.0
2025-11-04 14:56:59,58127.6,58150.0,58127.4,58130.2,980.0
2025-11-04 14:57:59,58130.2,58137.8,58126.0,58130.0,910.0
2025-11-04 14:58:59,58130.0,58138.0,58130.0,58138.0,210.0
2025-11-04 14:59:59,58138.0,58141.8,58126.0,58141.8,945.0
2025-11-04 15:00:59,58142.0,58155.0,58142.0,58152.6,1330.0
2025-11-04 15:01:59,58152.6,58152.6,58130.0,58141.6,1995.0
2025-11-04 15:02:59,58142.2,58151.6,58135.0,58142.6,700.0
2025-11-04 15:03:59,58142.6,58152.8,58137.2,58137.2,700.0
2025-11-04 15:04:59,58138.0,58145.6,58135.0,58136.0,630.0
2025-11-04 15:05:59,58136.0,58152.0,58136.0,58140.2,1190.0
2025-11-04 15:06:59,58140.2,58140.2,58131.0,58139.8,595.0
2025-11-04 15:07:59,58139.8,58150.0,58131.0,58148.4,980.0
2025-11-04 15:08:59,58148.4,58160.0,58144.6,58150.4,3185.0
2025-11-04 15:09:59,58150.4,58158.8,58147.6,58151.2,1190.0
2025-11-04 15:10:59,58150.0,58161.6,58149.0,58152.0,2765.0
2025-11-04 15:11:59,58152.0,58157.0,58146.0,58149.6,525.0
2025-11-04 15:12:59,58149.6,58149.6,58126.6,58126.6,1855.0
2025-11-04 15:13:59,58128.2,58133.4,58123.4,58127.2,3395.0
2025-11-04 15:14:59,58127.2,58134.0,58125.0,58126.0,910.0
2025-11-04 15:15:59,58140.0,58145.0,58126.8,58130.0,3185.0
2025-11-04 15:16:59,58130.0,58130.0,58117.6,58117.6,2695.0
2025-11-04 15:17:59,58118.2,58122.0,58111.2,58114.8,3570.0
2025-11-04 15:18:59,58114.8,58114.8,58109.4,58110.0,10150.0
2025-11-04 15:19:59,58110.0,58114.0,58108.6,58112.6,7105.0
2025-11-04 15:20:59,58115.0,58119.0,58105.8,58117.0,2870.0
2025-11-04 15:21:59,58116.0,58122.0,58105.8,58105.8,5180.0
2025-11-04 15:22:59,58105.8,58110.0,58101.2,58103.0,5285.0
2025-11-04 15:23:59,58102.0,58109.8,58101.0,58109.8,3360.0
2025-11-04 15:24:59,58109.4,58112.0,58105.8,58112.0,4340.0
2025-11-04 15:25:59,58106.4,58120.0,58106.0,58113.0,3465.0
2025-11-04 15:26:59,58113.0,58113.0,58105.0,58105.0,3920.0
2025-11-04 15:27:59,58105.0,58108.2,58105.0,58108.2,3395.0
2025-11-04 15:28:59,58108.8,58110.0,58099.0,58099.0,9345.0
2025-11-04 15:29:59,58098.2,58112.8,58096.4,58100.0,5530.0
2025-11-06 09:15:59,58099.4,58190.6,58090.2,58170.0,10395.0
2025-11-06 09:16:59,58170.4,58179.4,58150.0,58154.0,8785.0
2025-11-06 09:17:59,58158.4,58182.6,58150.0,58166.2,4795.0
2025-11-06 09:18:59,58166.4,58188.0,58166.4,58180.0,3220.0
2025-11-06 09:19:59,58180.0,58194.4,58180.0,58187.0,2345.0
2025-11-06 09:20:59,58186.6,58193.8,58153.8,58160.0,7035.0
2025-11-06 09:21:59,58161.6,58161.6,58105.0,58111.4,7735.0
2025-11-06 09:22:59,58111.0,58134.6,58103.6,58103.6,2135.0
2025-11-06 09:23:59,58103.6,58136.0,58101.4,58126.4,3150.0
2025-11-06 09:24:59,58126.4,58138.6,58116.4,58125.0,2905.0
2025-11-06 09:25:59,58125.0,58125.0,58094.4,58096.6,5950.0
2025-11-06 09:26:59,58085.0,58085.0,58057.0,58065.8,5110.0
2025-11-06 09:27:59,58065.8,58087.6,58042.2,58044.2,4970.0
2025-11-06 09:28:59,58050.0,58055.2,58035.0,58044.0,4445.0
2025-11-06 09:29:59,58044.0,58050.2,58023.0,58040.0,4130.0
2025-11-06 09:30:59,58040.0,58040.0,58000.0,58017.2,8925.0
2025-11-06 09:31:59,58010.0,58018.8,57991.0,57991.0,7840.0
2025-11-06 09:32:59,57991.0,58007.4,57975.2,57987.2,6265.0
2025-11-06 09:33:59,57992.0,57993.8,57980.8,57987.4,2450.0
2025-11-06 09:34:59,57998.0,58037.4,57982.2,58037.4,3430.0
2025-11-06 09:35:59,58022.6,58048.0,58022.6,58045.8,2940.0
2025-11-06 09:36:59,58045.8,58045.8,57980.8,57983.8,3465.0
2025-11-06 09:37:59,57983.8,57998.0,57980.0,57998.0,2555.0
2025-11-06 09:38:59,57996.6,58017.4,57994.8,58008.2,1610.0
2025-11-06 09:39:59,58013.6,58026.2,57996.2,58021.2,1540.0
2025-11-06 09:40:59,58024.4,58026.0,57990.0,57990.0,2030.0
2025-11-06 09:41:59,57990.0,57993.0,57945.0,57945.0,10220.0
2025-11-06 09:42:59,57949.6,57975.0,57945.0,57958.4,3955.0
2025-11-06 09:43:59,57958.4,57969.8,57950.0,57950.0,3045.0
2025-11-06 09:44:59,57950.0,57982.0,57950.0,57970.0,2170.0
2025-11-06 09:45:59,57970.0,57970.0,57945.8,57960.0,2485.0
2025-11-06 09:46:59,57969.8,57982.6,57950.0,57959.6,3640.0
2025-11-06 09:47:59,57960.6,58008.0,57960.6,58000.0,3535.0
2025-11-06 09:48:59,58000.0,58012.0,57974.2,57988.0,1715.0
2025-11-06 09:49:59,57983.0,57983.0,57959.0,57961.8,2310.0
2025-11-06 09:50:59,57961.8,58005.2,57961.8,58005.2,2660.0
2025-11-06 09:51:59,58024.4,58024.8,58006.2,58024.4,2590.0
2025-11-06 09:52:59,58014.2,58016.0,57984.6,58016.0,2555.0
2025-11-06 09:53:59,58016.0,58044.0,58004.4,58004.4,1470.0
2025-11-06 09:54:59,58004.4,58040.0,58004.4,58040.0,1575.0
2025-11-06 09:55:59,58044.2,58050.0,58018.2,58018.2,1715.0
2025-11-06 09:56:59,58020.0,58030.2,58018.0,58019.6,1260.0
2025-11-06 09:57:59,58019.6,58035.0,58017.8,58030.8,1120.0
2025-11-06 09:58:59,58030.8,58049.8,58030.0,58043.2,1085.0
2025-11-06 09:59:59,58030.0,58050.0,58030.0,58050.0,1050.0
2025-11-06 10:00:59,58050.0,58070.0,58050.0,58061.8,3080.0
2025-11-06 10:01:59,58061.8,58070.0,58055.0,58055.0,2380.0
2025-11-06 10:02:59,58055.0,58060.0,58040.0,58050.8,1750.0
2025-11-06 10:03:59,58050.8,58067.4,58047.0,58047.0,735.0
2025-11-06 10:04:59,58047.0,58047.0,58000.0,58018.2,2310.0
2025-11-06 10:05:59,58018.2,58018.2,57999.6,58010.2,700.0
2025-11-06 10:06:59,58010.2,58021.6,58005.0,58005.0,770.0
2025-11-06 10:07:59,58005.0,58011.6,57976.0,57997.2,1750.0
2025-11-06 10:08:59,57994.0,57994.0,57963.0,57963.0,1295.0
2025-11-06 10:09:59,57960.0,57969.4,57948.0,57960.0,3885.0
2025-11-06 10:10:59,57960.0,57967.4,57925.0,57927.6,5425.0
2025-11-06 10:11:59,57927.6,57930.0,57918.0,57920.0,4025.0
2025-11-06 10:12:59,57918.0,57926.0,57911.4,57914.8,3570.0
2025-11-06 10:13:59,57914.8,57924.0,57910.0,57910.0,2975.0
2025-11-06 10:14:59,57911.0,57918.2,57902.0,57902.0,3780.0
2025-11-06 10:15:59,57902.0,57920.4,57897.0,57915.0,7105.0
2025-11-06 10:16:59,57915.0,57915.0,57900.0,57913.0,1610.0
2025-11-06 10:17:59,57913.0,57920.0,57900.0,57919.6,6160.0
2025-11-06 10:18:59,57918.8,57934.6,57918.6,57925.4,1715.0
2025-11-06 10:19:59,57918.4,57918.4,57910.0,57911.8,980.0
2025-11-06 10:20:59,57911.8,57935.8,57911.8,57935.8,1715.0
2025-11-06 10:21:59,57935.8,57955.0,57932.2,57950.0,3675.0
2025-11-06 10:22:59,57950.0,57957.8,57949.2,57950.0,4130.0
2025-11-06 10:23:59,57950.0,57950.0,57920.0,57920.0,2275.0
2025-11-06 10:24:59,57920.0,57940.8,57920.0,57922.8,1085.0
2025-11-06 10:25:59,57922.8,57933.8,57922.2,57933.8,560.0
2025-11-06 10:26:59,57933.8,57939.6,57930.0,57936.0,665.0
2025-11-06 10:27:59,57936.0,57950.0,57934.8,57950.0,525.0
2025-11-06 10:28:59,57950.0,57950.0,57932.0,57932.0,1540.0
2025-11-06 10:29:59,57932.0,57942.6,57931.6,57937.2,1995.0
2025-11-06 10:30:59,57944.0,57951.0,57930.8,57934.8,1680.0
2025-11-06 10:31:59,57934.8,57959.0,57932.8,57952.2,3220.0
2025-11-06 10:32:59,57952.2,57959.8,57933.8,57936.0,2310.0
2025-11-06 10:33:59,57936.0,57936.0,57932.0,57932.0,980.0
2025-11-06 10:34:59,57932.0,57934.6,57915.2,57930.4,1120.0
2025-11-06 10:35:59,57930.4,57935.0,57920.0,57920.0,700.0
2025-11-06 10:36:59,57920.0,57926.4,57918.0,57925.0,1050.0
2025-11-06 10:37:59,57925.2,57957.0,57925.2,57926.6,1995.0
2025-11-06 10:38:59,57926.6,57945.4,57920.0,57934.0,1225.0
2025-11-06 10:39:59,57934.0,57942.2,57923.4,57928.0,420.0
2025-11-06 10:40:59,57928.0,57928.0,57922.8,57922.8,210.0
2025-11-06 10:41:59,57922.8,57936.8,57922.8,57926.0,455.0
2025-11-06 10:42:59,57926.0,57945.2,57926.0,57945.0,840.0
2025-11-06 10:43:59,57945.0,57960.0,57945.0,57950.8,770.0
2025-11-06 10:44:59,57950.8,57960.0,57934.6,57960.0,1295.0
2025-11-06 10:45:59,57960.0,57983.6,57960.0,57970.0,1645.0
2025-11-06 10:46:59,57970.0,57983.8,57966.0,57980.0,490.0
2025-11-06 10:47:59,57980.8,57990.4,57975.0,57984.8,2555.0
2025-11-06 10:48:59,57984.8,57984.8,57962.0,57964.2,2065.0
2025-11-06 10:49:59,57964.2,57974.0,57961.0,57961.0,1050.0
2025-11-06 10:50:59,57960.2,57974.6,57955.4,57974.6,1120.0
2025-11-06 10:51:59,57974.4,57974.4,57961.8,57970.2,630.0
2025-11-06 10:52:59,57974.0,57982.0,57970.2,57971.6,420.0
2025-11-06 10:53:59,57971.6,57984.6,57971.6,57984.6,630.0
2025-11-06 10:54:59,57984.6,57999.0,57984.6,57998.0,665.0
2025-11-06 10:55:59,57998.0,57999.0,57980.0,57980.0,910.0
2025-11-06 10:56:59,57980.0,57980.0,57958.2,57963.6,2415.0
2025-11-06 10:57:59,57963.6,57994.8,57963.6,57987.2,560.0
2025-11-06 10:58:59,57987.2,57989.8,57976.4,57989.8,385.0
2025-11-06 10:59:59,57980.4,57999.2,57980.2,57997.0,2205.0
2025-11-06 11:00:59,57983.0,57997.4,57978.6,57978.6,665.0
2025-11-06 11:01:59,57979.0,57995.0,57979.0,57985.0,525.0
2025-11-06 11:02:59,57985.0,57992.2,57958.2,57962.6,910.0
2025-11-06 11:03:59,57962.0,57979.6,57962.0,57971.0,910.0
2025-11-06 11:04:59,57971.0,57988.0,57970.2,57988.0,315.0
2025-11-06 11:05:59,57988.0,58004.6,57982.0,58004.6,1610.0
2025-11-06 11:06:59,58004.6,58004.6,57980.2,57980.2,595.0
2025-11-06 11:07:59,57980.2,57993.0,57971.0,57971.0,420.0
2025-11-06 11:08:59,57971.0,57971.0,57965.0,57965.0,175.0
2025-11-06 11:09:59,57965.0,57965.0,57938.4,57949.8,490.0
2025-11-06 11:10:59,57950.0,57954.8,57938.0,57938.0,455.0
2025-11-06 11:11:59,57944.0,57944.0,57936.4,57939.0,490.0
2025-11-06 11:12:59,57939.8,57960.4,57937.8,57960.2,1225.0
2025-11-06 11:13:59,57960.2,57960.2,57935.0,57935.0,735.0
2025-11-06 11:14:59,57930.2,57935.2,57925.2,57925.6,910.0
2025-11-06 11:15:59,57927.8,57927.8,57918.0,57918.0,910.0
2025-11-06 11:16:59,57915.2,57927.0,57912.8,57927.0,840.0
2025-11-06 11:17:59,57927.0,57929.6,57915.0,57915.0,1190.0
2025-11-06 11:18:59,57920.0,57920.0,57862.0,57862.0,24010.0
2025-11-06 11:19:59,57861.0,57868.0,57855.2,57862.2,5495.0
2025-11-06 11:20:59,57860.0,57879.6,57859.8,57879.4,1785.0
2025-11-06 11:21:59,57879.4,57879.4,57865.0,57866.0,1645.0
2025-11-06 11:22:59,57865.2,57873.6,57865.2,57873.6,1995.0
2025-11-06 11:23:59,57873.6,57879.4,57862.0,57862.0,2065.0
2025-11-06 11:24:59,57862.0,57862.0,57856.0,57857.8,1750.0
2025-11-06 11:25:59,57858.8,57864.0,57856.0,57860.2,1890.0
2025-11-06 11:26:59,57860.2,57860.4,57848.0,57848.0,5985.0
2025-11-06 11:27:59,57838.6,57860.0,57834.4,57860.0,3745.0
2025-11-06 11:28:59,57860.0,57871.0,57859.6,57871.0,3290.0
2025-11-06 11:29:59,57871.0,57871.0,57863.0,57866.0,2205.0
2025-11-06 11:30:59,57866.0,57867.8,57853.0,57864.4,2205.0
2025-11-06 11:31:59,57864.4,57864.8,57852.8,57856.0,1295.0
2025-11-06 11:32:59,57854.4,57867.8,57844.0,57859.8,2835.0
2025-11-06 11:33:59,57859.8,57859.8,57840.0,57849.4,8365.0
2025-11-06 11:34:59,57849.4,57858.8,57849.4,57850.0,490.0
2025-11-06 11:35:59,57845.8,57851.0,57841.0,57846.4,1575.0
2025-11-06 11:36:59,57846.4,57860.0,57846.4,57860.0,945.0
2025-11-06 11:37:59,57860.8,57863.4,57845.8,57849.6,3185.0
2025-11-06 11:38:59,57849.6,57849.6,57839.0,57845.2,910.0
2025-11-06 11:39:59,57853.8,57857.0,57845.6,57850.4,1050.0
2025-11-06 11:40:59,57850.4,57859.8,57850.4,57857.6,1610.0
2025-11-06 11:41:59,57858.2,57868.0,57857.4,57868.0,4235.0
2025-11-06 11:42:59,57868.0,57871.0,57858.8,57868.6,1995.0
2025-11-06 11:43:59,57867.2,57870.4,57861.8,57868.8,1120.0
2025-11-06 11:44:59,57868.8,57885.0,57852.4,57852.4,6300.0
2025-11-06 11:45:59,57852.4,57884.0,57845.2,57875.0,2030.0
2025-11-06 11:46:59,57879.2,57899.0,57879.0,57899.0,1295.0
2025-11-06 11:47:59,57899.0,57899.0,57888.6,57895.8,1435.0
2025-11-06 11:48:59,57895.8,57917.0,57895.8,57913.4,1820.0
2025-11-06 11:49:59,57913.4,57923.2,57913.4,57915.0,1785.0
2025-11-06 11:50:59,57905.2,57912.0,57905.2,57912.0,630.0
2025-11-06 11:51:59,57912.0,57918.2,57906.2,57918.2,315.0
2025-11-06 11:52:59,57918.2,57918.4,57906.6,57906.6,665.0
2025-11-06 11:53:59,57913.2,57913.2,57905.4,57905.4,490.0
2025-11-06 11:54:59,57905.4,57905.4,57880.4,57880.4,1435.0
2025-11-06 11:55:59,57880.4,57890.2,57880.4,57883.6,280.0
2025-11-06 11:56:59,57883.4,57898.8,57876.8,57897.2,560.0
2025-11-06 11:57:59,57897.2,57901.6,57885.8,57901.6,1295.0
2025-11-06 11:58:59,57901.6,57901.6,57885.6,57900.0,385.0
2025-11-06 11:59:59,57900.0,57923.8,57900.0,57923.8,980.0
2025-11-06 12:00:59,57923.8,57948.2,57923.8,57933.6,2625.0
2025-11-06 12:01:59,57933.8,57933.8,57917.2,57917.2,245.0
2025-11-06 12:02:59,57917.2,57928.2,57917.2,57927.0,875.0
2025-11-06 12:03:59,57927.0,57927.0,57896.8,57908.8,560.0
2025-11-06 12:04:59,57908.8,57911.2,57908.0,57911.2,210.0
2025-11-06 12:05:59,57911.2,57915.0,57911.2,57915.0,315.0
2025-11-06 12:06:59,57915.0,57915.0,57897.2,57902.6,280.0
2025-11-06 12:07:59,57902.6,57923.4,57902.6,57922.6,735.0
2025-11-06 12:08:59,57922.6,57933.8,57913.8,57913.8,1435.0
2025-11-06 12:09:59,57913.8,57921.8,57897.0,57897.0,875.0
2025-11-06 12:10:59,57900.0,57900.0,57890.0,57890.0,385.0
2025-11-06 12:11:59,57890.0,57890.0,57888.8,57888.8,210.0
2025-11-06 12:12:59,57889.8,57889.8,57880.2,57880.2,455.0
2025-11-06 12:13:59,57880.2,57884.8,57880.0,57884.8,70.0
2025-11-06 12:14:59,57880.2,57892.0,57880.2,57884.0,420.0
2025-11-06 12:15:59,57887.0,57887.0,57865.0,57865.2,770.0
2025-11-06 12:16:59,57877.8,57887.4,57870.6,57879.2,560.0
2025-11-06 12:17:59,57879.2,57887.0,57879.2,57884.6,280.0
2025-11-06 12:18:59,57884.6,57896.2,57884.6,57895.0,700.0
2025-11-06 12:19:59,57895.0,57898.2,57894.8,57898.2,175.0
2025-11-06 12:20:59,57898.2,57911.2,57898.2,57907.6,525.0
2025-11-06 12:21:59,57907.6,57907.6,57884.2,57898.4,1295.0
2025-11-06 12:22:59,57884.0,57884.0,57875.0,57879.8,245.0
2025-11-06 12:23:59,57877.8,57877.8,57852.6,57857.0,1960.0
2025-11-06 12:24:59,57861.8,57880.0,57859.0,57880.0,420.0
2025-11-06 12:25:59,57880.0,57880.0,57880.0,57880.0,210.0
2025-11-06 12:26:59,57880.0,57880.0,57872.0,57872.0,315.0
2025-11-06 12:27:59,57872.0,57872.0,57866.2,57869.6,385.0
2025-11-06 12:28:59,57869.6,57874.8,57866.6,57866.6,350.0
2025-11-06 12:29:59,57866.6,57868.4,57864.8,57865.6,350.0
2025-11-06 12:30:59,57865.6,57882.0,57860.0,57860.0,1120.0
2025-11-06 12:31:59,57860.0,57875.6,57855.0,57870.2,525.0
2025-11-06 12:32:59,57870.2,57890.0,57870.2,57886.0,350.0
2025-11-06 12:33:59,57886.0,57890.0,57886.0,57888.8,140.0
2025-11-06 12:34:59,57888.8,57889.8,57888.8,57889.8,35.0
2025-11-06 12:35:59,57891.0,57894.6,57890.0,57891.2,490.0
2025-11-06 12:36:59,57888.8,57897.6,57888.8,57895.6,245.0
2025-11-06 12:37:59,57891.0,57898.8,57888.8,57898.8,385.0
2025-11-06 12:38:59,57898.8,57900.0,57890.0,57890.2,350.0
2025-11-06 12:39:59,57890.2,57892.0,57888.8,57888.8,840.0
2025-11-06 12:40:59,57888.8,57927.0,57888.8,57927.0,945.0
2025-11-06 12:41:59,57927.0,57931.0,57927.0,57930.0,735.0
2025-11-06 12:42:59,57930.0,57960.0,57929.6,57953.0,2765.0
2025-11-06 12:43:59,57953.6,57966.4,57940.0,57940.0,1470.0
2025-11-06 12:44:59,57940.0,57940.0,57926.2,57927.2,560.0
2025-11-06 12:45:59,57922.8,57932.6,57920.0,57920.0,1715.0
2025-11-06 12:46:59,57922.2,57964.4,57922.2,57962.2,3605.0
2025-11-06 12:47:59,57962.2,57962.2,57940.0,57940.0,385.0
2025-11-06 12:48:59,57940.0,57957.0,57940.0,57957.0,805.0
2025-11-06 12:49:59,57957.0,57980.4,57946.4,57979.6,6510.0
2025-11-06 12:50:59,57981.0,57996.0,57976.8,57979.8,2660.0
2025-11-06 12:51:59,57979.8,58000.0,57979.8,57995.0,3185.0
2025-11-06 12:52:59,57995.0,58001.2,57988.6,58000.0,630.0
2025-11-06 12:53:59,57998.4,58004.0,57988.2,58004.0,1120.0
2025-11-06 12:54:59,58004.0,58021.0,58004.0,58010.0,4235.0
2025-11-06 12:55:59,58009.8,58032.0,58009.8,58032.0,4970.0
2025-11-06 12:56:59,58030.0,58035.0,58007.6,58007.6,2205.0
2025-11-06 12:57:59,58007.6,58024.4,57996.2,58012.0,3220.0
2025-11-06 12:58:59,58011.8,58025.4,57997.0,58021.6,4550.0
2025-11-06 12:59:59,58021.6,58021.6,57986.2,57986.8,1295.0
2025-11-06 13:00:59,57986.8,58000.0,57973.4,57975.0,1155.0
2025-11-06 13:01:59,57975.0,58017.2,57974.4,58003.8,1610.0
2025-11-06 13:02:59,58003.8,58062.0,58003.8,58062.0,5355.0
2025-11-06 13:03:59,58057.2,58065.4,58030.0,58030.0,4970.0
2025-11-06 13:04:59,58030.0,58047.6,58030.0,58030.0,2065.0
2025-11-06 13:05:59,58029.0,58038.8,58000.6,58000.6,2940.0
2025-11-06 13:06:59,58000.6,58019.6,57987.2,57988.4,980.0
2025-11-06 13:07:59,57994.4,58003.0,57983.0,57983.0,1785.0
2025-11-06 13:08:59,57983.0,57999.0,57982.4,57989.6,2625.0
2025-11-06 13:09:59,57993.8,57996.6,57965.8,57984.4,5635.0
2025-11-06 13:10:59,57976.6,57986.0,57968.8,57973.0,525.0
2025-11-06 13:11:59,57973.0,57979.0,57965.0,57965.0,665.0
2025-11-06 13:12:59,57965.0,57970.0,57965.0,57965.0,420.0
2025-11-06 13:13:59,57965.0,57968.8,57944.4,57959.2,7105.0
2025-11-06 13:14:59,57959.2,57998.4,57959.2,57998.4,700.0
2025-11-06 13:15:59,57998.4,58012.4,57989.8,58011.0,1365.0
2025-11-06 13:16:59,58011.0,58022.0,58004.6,58022.0,1015.0
2025-11-06 13:17:59,58022.0,58032.6,58012.0,58012.0,1085.0
2025-11-06 13:18:59,58022.6,58023.4,58000.0,58007.2,560.0
2025-11-06 13:19:59,58007.2,58007.2,57976.0,57976.0,350.0
2025-11-06 13:20:59,57976.0,58002.4,57975.8,58002.4,875.0
2025-11-06 13:21:59,58004.8,58023.8,58000.2,58020.0,595.0
2025-11-06 13:22:59,58022.6,58022.6,58007.6,58019.4,420.0
2025-11-06 13:23:59,58020.0,58025.4,58010.0,58010.0,560.0
2025-11-06 13:24:59,58018.8,58030.0,58015.2,58015.2,455.0
2025-11-06 13:25:59,58015.2,58030.0,58015.2,58025.2,350.0
2025-11-06 13:26:59,58025.2,58025.2,58000.0,58000.0,315.0
2025-11-06 13:27:59,58000.0,58012.0,58000.0,58012.0,595.0
2025-11-06 13:28:59,58012.0,58013.4,58000.0,58005.2,280.0
2025-11-06 13:29:59,58005.2,58005.2,57992.0,57992.0,840.0
2025-11-06 13:30:59,57992.0,58000.2,57977.8,57980.4,490.0
2025-11-06 13:31:59,57980.4,58013.0,57980.4,58013.0,700.0
2025-11-06 13:32:59,58012.0,58022.4,57999.8,58002.6,525.0
2025-11-06 13:33:59,58002.6,58030.0,58002.6,58025.2,455.0
2025-11-06 13:34:59,58002.6,58015.2,57988.0,57988.4,560.0
2025-11-06 13:35:59,57984.8,57984.8,57975.0,57982.4,560.0
2025-11-06 13:36:59,57975.2,58013.0,57975.2,58013.0,245.0
2025-11-06 13:37:59,58013.0,58013.0,58000.0,58003.2,70.0
2025-11-06 13:38:59,58003.2,58008.4,57975.0,57975.0,245.0
2025-11-06 13:39:59,57975.0,57979.0,57966.4,57966.4,1015.0
2025-11-06 13:40:59,57966.4,57966.4,57960.0,57962.2,350.0
2025-11-06 13:41:59,57962.2,57969.4,57955.8,57960.0,385.0
2025-11-06 13:42:59,57960.0,57979.0,57960.0,57979.0,770.0
2025-11-06 13:43:59,57979.0,57984.6,57965.0,57965.0,315.0
2025-11-06 13:44:59,57965.0,57965.0,57950.0,57956.0,455.0
2025-11-06 13:45:59,57956.0,57956.0,57930.0,57932.8,1645.0
2025-11-06 13:46:59,57932.8,57944.0,57932.8,57944.0,490.0
2025-11-06 13:47:59,57944.0,57966.6,57944.0,57950.0,560.0
2025-11-06 13:48:59,57950.0,57950.0,57922.6,57922.6,1925.0
2025-11-06 13:49:59,57922.0,57922.0,57906.8,57910.0,1925.0
2025-11-06 13:50:59,57909.0,57909.0,57895.4,57900.0,3710.0
2025-11-06 13:51:59,57900.0,57903.0,57891.0,57900.0,3080.0
2025-11-06 13:52:59,57900.0,57915.4,57900.0,57905.6,595.0
2025-11-06 13:53:59,57905.6,57919.6,57880.4,57880.4,5530.0
2025-11-06 13:54:59,57886.6,57891.0,57881.0,57881.0,1505.0
2025-11-06 13:55:59,57881.0,57900.0,57880.6,57900.0,1925.0
2025-11-06 13:56:59,57900.0,57909.8,57898.2,57905.4,3990.0
2025-11-06 13:57:59,57905.4,57910.2,57905.0,57905.0,420.0
2025-11-06 13:58:59,57905.0,57906.0,57900.6,57900.6,945.0
2025-11-06 13:59:59,57900.6,57905.0,57900.6,57905.0,455.0
2025-11-06 14:00:59,57905.0,57910.0,57902.0,57910.0,875.0
2025-11-06 14:01:59,57910.0,57919.0,57907.0,57919.0,735.0
2025-11-06 14:02:59,57919.0,57919.0,57913.8,57914.0,280.0
2025-11-06 14:03:59,57914.0,57914.0,57902.0,57903.0,385.0
2025-11-06 14:04:59,57903.0,57903.0,57884.2,57884.2,560.0
2025-11-06 14:05:59,57887.6,57905.0,57887.6,57904.8,455.0
2025-11-06 14:06:59,57904.8,57904.8,57888.0,57888.0,595.0
2025-11-06 14:07:59,57888.0,57893.4,57888.0,57890.2,140.0
2025-11-06 14:08:59,57890.2,57925.0,57890.2,57925.0,245.0
2025-11-06 14:09:59,57928.0,57928.0,57915.2,57915.2,350.0
2025-11-06 14:10:59,57932.4,57934.4,57917.2,57920.2,490.0
2025-11-06 14:11:59,57920.2,57942.0,57920.2,57942.0,280.0
2025-11-06 14:12:59,57942.0,57942.0,57931.2,57931.8,1050.0
2025-11-06 14:13:59,57936.0,57947.2,57936.0,57945.2,805.0
2025-11-06 14:14:59,57945.2,57949.6,57928.2,57941.0,840.0
2025-11-06 14:15:59,57941.0,57946.2,57933.0,57933.0,980.0
2025-11-06 14:16:59,57933.0,57933.0,57923.0,57928.0,560.0
2025-11-06 14:17:59,57930.0,57938.4,57923.0,57923.0,245.0
2025-11-06 14:18:59,57925.4,57940.0,57924.4,57927.4,140.0
2025-11-06 14:19:59,57927.4,57940.0,57927.4,57930.4,70.0
2025-11-06 14:20:59,57930.4,57946.0,57930.4,57946.0,665.0
2025-11-06 14:21:59,57946.0,57950.0,57946.0,57948.4,560.0
2025-11-06 14:22:59,57948.4,57950.0,57935.2,57935.2,210.0
2025-11-06 14:23:59,57935.2,57940.0,57911.0,57911.0,525.0
2025-11-06 14:24:59,57911.0,57928.8,57911.0,57911.8,140.0
2025-11-06 14:25:59,57911.8,57923.2,57911.0,57921.6,630.0
2025-11-06 14:26:59,57921.6,57923.2,57921.6,57923.2,105.0
2025-11-06 14:27:59,57923.2,57925.6,57905.4,57907.0,280.0
2025-11-06 14:28:59,57905.0,57906.0,57901.6,57901.6,315.0
2025-11-06 14:29:59,57908.0,57915.4,57907.2,57915.4,385.0
2025-11-06 14:30:59,57915.4,57963.2,57915.4,57944.2,1855.0
2025-11-06 14:31:59,57944.2,57956.6,57944.2,57953.0,140.0
2025-11-06 14:32:59,57953.0,57967.0,57949.6,57949.6,420.0
2025-11-06 14:33:59,57949.6,57960.0,57947.6,57959.0,175.0
2025-11-06 14:34:59,57959.4,57968.6,57954.8,57955.2,980.0
2025-11-06 14:35:59,57955.2,57974.8,57955.2,57964.0,770.0
2025-11-06 14:36:59,57960.0,57969.6,57958.2,57963.0,350.0
2025-11-06 14:37:59,57960.0,57978.0,57960.0,57961.4,910.0
2025-11-06 14:38:59,57961.4,57971.0,57960.6,57960.6,175.0
2025-11-06 14:39:59,57960.6,57965.0,57937.4,57943.0,665.0
2025-11-06 14:40:59,57943.0,57956.6,57943.0,57956.6,175.0
2025-11-06 14:41:59,57956.6,57956.6,57935.2,57938.4,595.0
2025-11-06 14:42:59,57943.6,57960.0,57943.6,57954.4,315.0
2025-11-06 14:43:59,57954.4,57957.4,57947.6,57957.4,175.0
2025-11-06 14:44:59,57957.4,57957.8,57935.6,57935.6,525.0
2025-11-06 14:45:59,57935.6,57954.0,57935.6,57954.0,175.0
2025-11-06 14:46:59,57954.0,57965.0,57954.0,57956.6,490.0
2025-11-06 14:47:59,57956.6,57967.8,57955.4,57959.4,245.0
2025-11-06 14:48:59,57959.4,57964.4,57950.0,57950.0,385.0
2025-11-06 14:49:59,57950.0,57950.0,57919.0,57921.6,1820.0
2025-11-06 14:50:59,57921.6,57934.6,57918.0,57930.0,3045.0
2025-11-06 14:51:59,57930.4,57953.4,57930.4,57940.0,805.0
2025-11-06 14:52:59,57940.0,57950.0,57933.2,57950.0,420.0
2025-11-06 14:53:59,57950.0,57950.0,57936.6,57943.4,385.0
2025-11-06 14:54:59,57948.4,57948.4,57935.2,57945.0,210.0
2025-11-06 14:55:59,57945.0,57945.0,57921.6,57921.6,840.0
2025-11-06 14:56:59,57921.6,57930.0,57920.0,57922.6,840.0
2025-11-06 14:57:59,57926.4,57930.0,57921.8,57930.0,1435.0
2025-11-06 14:58:59,57930.0,57948.6,57930.0,57931.0,700.0
2025-11-06 14:59:59,57931.0,57967.2,57931.0,57955.8,910.0
2025-11-06 15:00:59,57941.0,57943.8,57925.0,57925.0,1190.0
2025-11-06 15:01:59,57925.0,57929.8,57920.0,57923.0,1785.0
2025-11-06 15:02:59,57923.0,57928.8,57906.0,57906.0,2310.0
2025-11-06 15:03:59,57906.0,57910.0,57886.4,57886.4,4445.0
2025-11-06 15:04:59,57890.0,57898.4,57886.2,57897.8,4550.0
2025-11-06 15:05:59,57897.8,57899.0,57886.8,57891.4,3535.0
2025-11-06 15:06:59,57891.4,57892.8,57882.0,57882.0,1575.0
2025-11-06 15:07:59,57881.0,57888.0,57877.2,57888.0,5705.0
2025-11-06 15:08:59,57891.4,57907.4,57891.4,57902.2,4305.0
2025-11-06 15:09:59,57898.6,57906.4,57898.6,57901.0,1890.0
2025-11-06 15:10:59,57902.0,57902.0,57887.6,57888.2,5180.0
2025-11-06 15:11:59,57891.6,57891.8,57875.0,57875.2,4970.0
2025-11-06 15:12:59,57877.4,57891.6,57875.2,57880.0,2170.0
2025-11-06 15:13:59,57880.0,57880.0,57867.2,57868.0,6825.0
2025-11-06 15:14:59,57868.2,57882.4,57868.2,57880.0,2030.0
2025-11-06 15:15:59,57885.0,57902.8,57875.8,57900.0,3080.0
2025-11-06 15:16:59,57898.6,57899.0,57890.0,57896.8,1820.0
2025-11-06 15:17:59,57900.0,57900.0,57881.8,57881.8,1680.0
2025-11-06 15:18:59,57886.0,57894.0,57877.8,57877.8,1960.0
2025-11-06 15:19:59,57877.8,57900.0,57877.8,57888.2,3150.0
2025-11-06 15:20:59,57875.0,57887.0,57875.0,57879.0,1505.0
2025-11-06 15:21:59,57879.0,57883.0,57875.0,57879.0,2100.0
2025-11-06 15:22:59,57879.0,57887.0,57867.0,57887.0,6125.0
2025-11-06 15:23:59,57888.0,57888.8,57876.0,57876.8,1155.0
2025-11-06 15:24:59,57881.2,57890.0,57875.0,57888.6,2240.0
2025-11-06 15:25:59,57875.0,57895.4,57874.4,57885.8,5635.0
2025-11-06 15:26:59,57874.4,57885.8,57867.0,57867.0,3920.0
2025-11-06 15:27:59,57868.2,57890.0,57868.2,57876.4,5180.0
2025-11-06 15:28:59,57875.2,57891.4,57871.0,57873.0,4760.0
2025-11-06 15:29:59,57890.2,57894.6,57874.2,57887.8,3605.0
2025-11-07 09:15:59,57800.0,57800.0,57635.4,57650.0,24465.0
2025-11-07 09:16:59,57630.0,57630.0,57538.0,57600.0,23555.0
2025-11-07 09:17:59,57593.2,57593.2,57550.0,57555.6,17885.0
2025-11-07 09:18:59,57562.2,57587.0,57555.0,57575.0,11655.0
2025-11-07 09:19:59,57575.0,57598.6,57564.6,57597.6,6790.0
2025-11-07 09:20:59,57583.2,57586.0,57551.0,57555.0,7770.0
2025-11-07 09:21:59,57555.0,57563.8,57525.0,57525.0,10780.0
2025-11-07 09:22:59,57525.0,57534.4,57466.0,57466.0,11515.0
2025-11-07 09:23:59,57460.0,57500.0,57450.4,57499.6,9835.0
2025-11-07 09:24:59,57499.4,57517.4,57483.0,57515.2,4305.0
2025-11-07 09:25:59,57515.4,57545.0,57500.0,57545.0,3500.0
2025-11-07 09:26:59,57545.0,57556.2,57525.0,57525.0,5670.0
2025-11-07 09:27:59,57526.8,57547.2,57500.0,57529.2,9660.0
2025-11-07 09:28:59,57548.0,57567.8,57527.8,57545.0,7910.0
2025-11-07 09:29:59,57541.2,57564.0,57513.4,57525.2,7560.0
2025-11-07 09:30:59,57525.2,57537.0,57492.2,57492.2,4550.0
2025-11-07 09:31:59,57492.2,57534.8,57492.2,57533.6,2520.0
2025-11-07 09:32:59,57549.0,57550.8,57530.0,57540.0,6825.0
2025-11-07 09:33:59,57540.0,57547.0,57540.0,57540.0,1715.0
2025-11-07 09:34:59,57547.0,57547.0,57516.4,57523.6,7350.0
2025-11-07 09:35:59,57529.6,57560.0,57525.0,57555.6,2520.0
2025-11-07 09:36:59,57550.0,57552.8,57515.2,57529.8,1575.0
2025-11-07 09:37:59,57529.8,57536.2,57510.4,57527.8,2030.0
2025-11-07 09:38:59,57535.0,57554.6,57529.6,57533.0,2170.0
2025-11-07 09:39:59,57533.2,57576.0,57533.2,57576.0,3045.0
2025-11-07 09:40:59,57580.0,57630.0,57580.0,57629.8,9555.0
2025-11-07 09:41:59,57629.8,57633.8,57600.0,57611.2,10045.0
2025-11-07 09:42:59,57615.0,57638.0,57613.0,57614.0,6195.0
2025-11-07 09:43:59,57614.0,57616.8,57582.0,57586.0,1365.0
2025-11-07 09:44:59,57586.0,57610.0,57580.6,57609.8,1540.0
2025-11-07 09:45:59,57609.8,57621.0,57600.0,57600.2,5145.0
2025-11-07 09:46:59,57607.2,57611.2,57600.0,57600.0,2345.0
2025-11-07 09:47:59,57615.0,57651.0,57594.6,57651.0,9485.0
2025-11-07 09:48:59,57649.0,57660.0,57625.6,57643.0,2695.0
2025-11-07 09:49:59,57643.0,57672.0,57630.0,57672.0,5670.0
2025-11-07 09:50:59,57672.0,57687.2,57659.6,57680.0,18095.0
2025-11-07 09:51:59,57680.0,57688.0,57630.6,57630.6,6860.0
2025-11-07 09:52:59,57630.6,57655.2,57600.0,57600.0,2555.0
2025-11-07 09:53:59,57600.2,57620.4,57588.0,57588.0,1330.0
2025-11-07 09:54:59,57588.0,57593.6,57550.0,57565.8,3710.0
2025-11-07 09:55:59,57565.8,57570.0,57518.0,57545.0,11305.0
2025-11-07 09:56:59,57545.0,57545.4,57528.8,57528.8,1085.0
2025-11-07 09:57:59,57525.6,57579.8,57520.0,57579.8,1505.0
2025-11-07 09:58:59,57579.8,57593.0,57575.0,57576.0,1750.0
2025-11-07 09:59:59,57576.0,57580.0,57576.0,57580.0,980.0
2025-11-07 10:00:59,57580.0,57580.0,57548.2,57550.0,4480.0
2025-11-07 10:01:59,57553.0,57584.8,57553.0,57584.8,1085.0
2025-11-07 10:02:59,57580.0,57584.8,57557.0,57584.8,770.0
2025-11-07 10:03:59,57584.8,57590.0,57575.8,57590.0,910.0
2025-11-07 10:04:59,57577.8,57592.0,57569.0,57570.0,945.0
2025-11-07 10:05:59,57570.0,57587.2,57561.0,57571.0,1295.0
2025-11-07 10:06:59,57571.0,57577.2,57565.0,57570.0,1890.0
2025-11-07 10:07:59,57570.0,57581.2,57570.0,57580.0,910.0
2025-11-07 10:08:59,57580.0,57600.0,57578.0,57590.0,1925.0
2025-11-07 10:09:59,57590.0,57590.0,57550.0,57553.6,3920.0
2025-11-07 10:10:59,57553.6,57567.8,57540.0,57567.8,1610.0
2025-11-07 10:11:59,57567.8,57579.4,57553.2,57579.4,1050.0
2025-11-07 10:12:59,57579.4,57581.2,57553.8,57556.2,980.0
2025-11-07 10:13:59,57556.2,57586.2,57554.0,57585.6,315.0
2025-11-07 10:14:59,57573.6,57590.0,57573.6,57585.2,665.0
2025-11-07 10:15:59,57574.0,57585.6,57561.0,57585.6,1925.0
2025-11-07 10:16:59,57565.0,57588.4,57551.8,57568.8,10850.0
2025-11-07 10:17:59,57568.8,57587.0,57558.8,57582.8,2415.0
2025-11-07 10:18:59,57582.8,57589.8,57576.4,57577.0,840.0
2025-11-07 10:19:59,57577.0,57580.0,57560.0,57579.8,1820.0
2025-11-07 10:20:59,57579.8,57626.6,57579.8,57616.0,3430.0
2025-11-07 10:21:59,57616.0,57635.0,57615.2,57624.0,1470.0
2025-11-07 10:22:59,57624.0,57629.4,57600.0,57620.6,5215.0
2025-11-07 10:23:59,57620.6,57645.0,57609.0,57619.6,1260.0
2025-11-07 10:24:59,57619.6,57642.0,57615.0,57623.4,560.0
2025-11-07 10:25:59,57623.4,57631.4,57616.0,57623.6,385.0
2025-11-07 10:26:59,57623.6,57640.0,57623.6,57635.8,875.0
2025-11-07 10:27:59,57635.8,57635.8,57602.0,57614.0,525.0
2025-11-07 10:28:59,57614.0,57632.4,57610.0,57618.0,525.0
2025-11-07 10:29:59,57618.0,57638.8,57618.0,57638.8,595.0
2025-11-07 10:30:59,57640.0,57644.8,57637.4,57638.6,735.0
2025-11-07 10:31:59,57638.6,57638.6,57623.6,57626.8,385.0
2025-11-07 10:32:59,57626.8,57645.0,57626.8,57645.0,175.0
2025-11-07 10:33:59,57645.0,57691.0,57645.0,57680.0,8995.0
2025-11-07 10:34:59,57680.0,57700.6,57676.2,57700.6,4305.0
2025-11-07 10:35:59,57700.8,57705.0,57670.6,57672.2,3255.0
2025-11-07 10:36:59,57672.2,57682.0,57672.2,57682.0,1680.0
2025-11-07 10:37:59,57682.0,57738.4,57682.0,57733.0,9800.0
2025-11-07 10:38:59,57733.2,57739.8,57713.0,57729.2,7560.0
2025-11-07 10:39:59,57730.6,57741.2,57715.6,57732.4,6370.0
2025-11-07 10:40:59,57732.4,57749.0,57718.8,57749.0,5985.0
2025-11-07 10:41:59,57755.6,57780.0,57751.6,57760.0,11060.0
2025-11-07 10:42:59,57760.0,57777.8,57755.2,57777.8,2065.0
2025-11-07 10:43:59,57780.0,57816.4,57773.0,57797.6,12495.0
2025-11-07 10:44:59,57783.6,57800.0,57783.0,57790.0,2835.0
2025-11-07 10:45:59,57787.8,57805.0,57781.2,57790.0,3920.0
2025-11-07 10:46:59,57790.0,57813.8,57790.0,57800.0,2730.0
2025-11-07 10:47:59,57800.2,57808.0,57781.4,57799.8,2485.0
2025-11-07 10:48:59,57795.8,57795.8,57752.0,57752.0,3220.0
2025-11-07 10:49:59,57752.0,57767.2,57751.4,57760.0,1995.0
2025-11-07 10:50:59,57760.2,57775.0,57760.2,57768.6,1575.0
2025-11-07 10:51:59,57750.2,57768.6,57740.0,57762.2,1225.0
2025-11-07 10:52:59,57762.2,57769.8,57758.4,57768.4,1155.0
2025-11-07 10:53:59,57768.4,57794.0,57757.0,57757.0,6895.0
2025-11-07 10:54:59,57764.6,57764.6,57736.0,57737.8,1050.0
2025-11-07 10:55:59,57737.8,57740.0,57714.0,57714.0,2485.0
2025-11-07 10:56:59,57712.8,57715.0,57690.0,57690.0,5495.0
2025-11-07 10:57:59,57700.0,57715.0,57690.6,57707.8,2520.0
2025-11-07 10:58:59,57712.8,57718.0,57690.8,57690.8,1365.0
2025-11-07 10:59:59,57690.8,57696.8,57678.0,57678.0,2555.0
2025-11-07 11:00:59,57682.2,57712.4,57670.0,57710.8,2205.0
2025-11-07 11:01:59,57710.8,57716.0,57705.2,57713.6,630.0
2025-11-07 11:02:59,57713.6,57750.0,57713.6,57738.6,1680.0
2025-11-07 11:03:59,57738.6,57740.0,57724.0,57727.2,805.0
2025-11-07 11:04:59,57727.2,57740.0,57726.0,57726.0,945.0
2025-11-07 11:05:59,57726.0,57740.0,57726.0,57730.2,490.0
2025-11-07 11:06:59,57730.0,57730.0,57716.6,57724.0,665.0
2025-11-07 11:07:59,57710.2,57724.0,57710.2,57718.2,455.0
2025-11-07 11:08:59,57718.2,57746.0,57718.2,57746.0,910.0
2025-11-07 11:09:59,57746.0,57760.0,57735.0,57745.0,1330.0
2025-11-07 11:10:59,57745.0,57762.0,57745.0,57762.0,910.0
2025-11-07 11:11:59,57762.0,57768.4,57751.0,57763.8,595.0
2025-11-07 11:12:59,57763.8,57800.0,57757.0,57800.0,4235.0
2025-11-07 11:13:59,57800.0,57885.0,57800.0,57877.2,19950.0
2025-11-07 11:14:59,57889.0,57900.0,57875.0,57887.0,6720.0
2025-11-07 11:15:59,57893.8,57943.0,57880.0,57893.4,10605.0
2025-11-07 11:16:59,57902.8,57915.0,57869.2,57900.4,3500.0
2025-11-07 11:17:59,57902.6,57915.0,57900.0,57910.4,9275.0
2025-11-07 11:18:59,57910.4,57919.8,57882.0,57885.2,6580.0
2025-11-07 11:19:59,57898.6,57898.6,57888.4,57888.4,1575.0
2025-11-07 11:20:59,57888.4,57895.4,57858.2,57860.0,2345.0
2025-11-07 11:21:59,57860.0,57899.0,57860.0,57896.6,2205.0
2025-11-07 11:22:59,57896.8,57904.0,57880.0,57900.0,4200.0
2025-11-07 11:23:59,57900.0,57917.4,57900.0,57917.4,3185.0
2025-11-07 11:24:59,57917.2,57921.6,57913.0,57921.6,3710.0
2025-11-07 11:25:59,57919.8,57923.2,57900.0,57904.2,2940.0
2025-11-07 11:26:59,57904.2,57924.0,57904.2,57921.4,1575.0
2025-11-07 11:27:59,57921.4,57929.4,57915.0,57920.0,2660.0
2025-11-07 11:28:59,57920.0,57945.0,57920.0,57945.0,2905.0
2025-11-07 11:29:59,57947.6,57988.0,57944.6,57975.8,13755.0
2025-11-07 11:30:59,57975.0,58048.0,57975.0,58048.0,26425.0
2025-11-07 11:31:59,58060.0,58098.6,58045.0,58045.0,13720.0
2025-11-07 11:32:59,58045.0,58080.0,58037.4,58069.2,9170.0
2025-11-07 11:33:59,58080.4,58084.8,58051.4,58062.2,4690.0
2025-11-07 11:34:59,58062.0,58070.2,58050.0,58050.0,8505.0
2025-11-07 11:35:59,58050.0,58056.4,58050.0,58051.0,2590.0
2025-11-07 11:36:59,58055.0,58059.8,58021.2,58021.2,4830.0
2025-11-07 11:37:59,58021.2,58025.2,58008.0,58010.4,4480.0
2025-11-07 11:38:59,58010.4,58017.4,58003.8,58012.8,1750.0
2025-11-07 11:39:59,58015.0,58041.2,58010.4,58010.4,4095.0
2025-11-07 11:40:59,58010.4,58041.2,58010.4,58015.0,1295.0
2025-11-07 11:41:59,58026.2,58041.8,58022.6,58030.2,2275.0
2025-11-07 11:42:59,58037.0,58086.2,58027.0,58081.4,6440.0
2025-11-07 11:43:59,58081.4,58085.0,58070.2,58083.8,1540.0
2025-11-07 11:44:59,58083.8,58083.8,58059.2,58079.8,2275.0
2025-11-07 11:45:59,58079.0,58125.0,58061.2,58061.2,17990.0
2025-11-07 11:46:59,58062.0,58075.4,58027.2,58049.8,3430.0
2025-11-07 11:47:59,58050.0,58067.0,58036.8,58036.8,3570.0
2025-11-07 11:48:59,58039.2,58045.0,58010.2,58014.4,2450.0
2025-11-07 11:49:59,58014.6,58021.4,58005.6,58005.6,2100.0
2025-11-07 11:50:59,58006.0,58010.2,57990.2,58009.6,7035.0
2025-11-07 11:51:59,58010.2,58036.6,58007.2,58019.6,2310.0
2025-11-07 11:52:59,58019.6,58029.0,58008.0,58017.4,1155.0
2025-11-07 11:53:59,58017.4,58025.0,57997.0,57997.0,700.0
2025-11-07 11:54:59,58002.0,58010.0,57993.0,58010.0,770.0
2025-11-07 11:55:59,58010.0,58010.0,58000.0,58008.0,490.0
2025-11-07 11:56:59,58008.0,58020.0,58005.2,58019.8,700.0
2025-11-07 11:57:59,58015.8,58015.8,57999.0,57999.0,420.0
2025-11-07 11:58:59,57999.0,57999.0,57982.8,57986.0,875.0
2025-11-07 11:59:59,57983.0,57995.0,57983.0,57995.0,4025.0
2025-11-07 12:00:59,57995.0,58010.0,57994.8,58002.6,1435.0
2025-11-07 12:01:59,58002.6,58023.0,58002.6,58022.0,3115.0
2025-11-07 12:02:59,58022.0,58040.0,58022.0,58040.0,1645.0
2025-11-07 12:03:59,58040.0,58040.0,58011.8,58017.4,525.0
2025-11-07 12:04:59,58017.4,58028.0,58013.0,58013.0,1505.0
2025-11-07 12:05:59,58013.0,58016.6,57999.0,58004.6,1015.0
2025-11-07 12:06:59,58004.6,58008.0,57989.2,57994.2,1540.0
2025-11-07 12:07:59,57994.2,58010.0,57994.2,58002.0,525.0
2025-11-07 12:08:59,58002.0,58015.8,58002.0,58015.8,420.0
2025-11-07 12:09:59,58006.0,58015.8,57999.6,58002.0,1680.0
2025-11-07 12:10:59,58002.0,58012.6,57989.6,57990.0,630.0
2025-11-07 12:11:59,57990.0,58003.4,57990.0,57996.2,630.0
2025-11-07 12:12:59,57996.2,58007.8,57996.2,58001.0,630.0
2025-11-07 12:13:59,58001.0,58025.0,58000.6,58016.0,455.0
2025-11-07 12:14:59,58016.0,58032.8,58016.0,58021.0,1540.0
2025-11-07 12:15:59,58020.8,58030.0,58006.0,58030.0,1750.0
2025-11-07 12:16:59,58030.0,58034.0,57999.2,58006.4,1365.0
2025-11-07 12:17:59,58010.2,58020.8,57992.6,58010.2,1505.0
2025-11-07 12:18:59,58010.2,58031.4,58010.2,58031.4,945.0
2025-11-07 12:19:59,58031.4,58032.0,58022.2,58022.2,385.0
2025-11-07 12:20:59,58030.0,58030.0,58022.2,58030.0,595.0
2025-11-07 12:21:59,58030.0,58050.0,58028.0,58044.4,1890.0
2025-11-07 12:22:59,58044.4,58060.8,58040.0,58050.0,1365.0
2025-11-07 12:23:59,58054.8,58054.8,58019.0,58019.0,2310.0
2025-11-07 12:24:59,58019.4,58023.2,58005.0,58005.0,945.0
2025-11-07 12:25:59,58005.0,58020.2,57999.6,58020.2,210.0
2025-11-07 12:26:59,58008.8,58016.8,58008.8,58008.8,210.0
2025-11-07 12:27:59,58008.8,58008.8,58002.0,58008.8,245.0
2025-11-07 12:28:59,58008.8,58008.8,58000.0,58000.0,315.0
2025-11-07 12:29:59,58000.0,58018.8,57994.4,58018.8,735.0
2025-11-07 12:30:59,58018.8,58041.0,58014.2,58040.0,805.0
2025-11-07 12:31:59,58040.0,58046.0,58034.6,58044.4,2205.0
2025-11-07 12:32:59,58044.4,58051.6,58041.2,58050.4,700.0
2025-11-07 12:33:59,58050.4,58062.2,58041.2,58062.2,1785.0
2025-11-07 12:34:59,58065.0,58065.0,58037.8,58037.8,1120.0
2025-11-07 12:35:59,58037.8,58037.8,58037.0,58037.0,210.0
2025-11-07 12:36:59,58037.0,58045.0,58032.8,58045.0,280.0
2025-11-07 12:37:59,58045.0,58075.8,58045.0,58074.0,5915.0
2025-11-07 12:38:59,58067.0,58069.4,58047.4,58059.0,4970.0
2025-11-07 12:39:59,58062.4,58080.2,58062.4,58070.0,3640.0
2025-11-07 12:40:59,58070.0,58100.4,58067.6,58100.4,5285.0
2025-11-07 12:41:59,58100.2,58101.2,58090.0,58100.0,15330.0
2025-11-07 12:42:59,58097.2,58100.8,58070.2,58080.6,5810.0
2025-11-07 12:43:59,58080.6,58092.6,58080.6,58084.6,3990.0
2025-11-07 12:44:59,58084.6,58093.8,58084.6,58090.0,840.0
2025-11-07 12:45:59,58098.2,58115.8,58097.8,58110.2,6825.0
2025-11-07 12:46:59,58110.0,58115.0,58075.0,58075.0,1680.0
2025-11-07 12:47:59,58075.0,58095.0,58075.0,58085.0,2590.0
2025-11-07 12:48:59,58085.0,58088.6,58076.2,58076.2,315.0
2025-11-07 12:49:59,58076.2,58109.0,58076.2,58105.0,875.0
2025-11-07 12:50:59,58105.0,58190.0,58097.2,58180.0,19005.0
2025-11-07 12:51:59,58190.4,58200.0,58160.0,58163.6,8155.0
2025-11-07 12:52:59,58177.8,58178.6,58140.0,58150.6,4480.0
2025-11-07 12:53:59,58152.8,58152.8,58135.0,58140.0,1820.0
2025-11-07 12:54:59,58135.0,58150.6,58135.0,58150.4,665.0
2025-11-07 12:55:59,58150.4,58150.4,58143.6,58144.0,420.0
2025-11-07 12:56:59,58144.0,58144.0,58135.0,58140.0,875.0
2025-11-07 12:57:59,58140.0,58140.0,58135.0,58135.0,455.0
2025-11-07 12:58:59,58130.4,58166.2,58130.4,58166.2,1155.0
2025-11-07 12:59:59,58166.2,58175.0,58150.6,58156.6,1190.0
2025-11-07 13:00:59,58179.8,58199.0,58175.2,58199.0,8365.0
2025-11-07 13:01:59,58196.8,58220.0,58185.0,58196.4,17745.0
2025-11-07 13:02:59,58196.4,58203.8,58181.2,58197.8,1715.0
2025-11-07 13:03:59,58197.8,58202.2,58190.0,58194.0,1575.0
2025-11-07 13:04:59,58191.0,58199.6,58180.0,58199.6,1260.0
2025-11-07 13:05:59,58200.0,58210.0,58195.8,58204.0,3080.0
2025-11-07 13:06:59,58204.0,58211.0,58167.2,58172.8,2800.0
2025-11-07 13:07:59,58171.4,58190.0,58155.2,58170.2,3780.0
2025-11-07 13:08:59,58170.2,58180.0,58166.0,58173.6,1120.0
2025-11-07 13:09:59,58173.6,58173.6,58159.0,58169.8,2240.0
2025-11-07 13:10:59,58169.8,58177.6,58155.0,58163.0,2030.0
2025-11-07 13:11:59,58166.8,58169.0,58147.0,58160.0,1085.0
2025-11-07 13:12:59,58160.0,58162.4,58160.0,58162.4,420.0
2025-11-07 13:13:59,58162.4,58162.4,58130.6,58130.6,1015.0
2025-11-07 13:14:59,58130.6,58165.0,58129.4,58165.0,1785.0
2025-11-07 13:15:59,58159.2,58180.0,58159.2,58170.0,1715.0
2025-11-07 13:16:59,58170.0,58170.0,58153.4,58153.6,1050.0
2025-11-07 13:17:59,58153.6,58179.0,58152.2,58158.8,1645.0
2025-11-07 13:18:59,58158.8,58160.2,58153.0,58158.0,315.0
2025-11-07 13:19:59,58152.2,58169.8,58145.6,58164.8,945.0
2025-11-07 13:20:59,58164.8,58170.0,58155.0,58157.8,840.0
2025-11-07 13:21:59,58157.8,58176.6,58150.8,58171.6,1575.0
2025-11-07 13:22:59,58171.6,58171.8,58156.8,58157.0,595.0
2025-11-07 13:23:59,58157.0,58177.6,58151.4,58159.8,1120.0
2025-11-07 13:24:59,58159.8,58175.2,58159.8,58165.0,735.0
2025-11-07 13:25:59,58165.0,58165.2,58160.0,58160.0,210.0
2025-11-07 13:26:59,58156.0,58248.8,58156.0,58239.6,13930.0
2025-11-07 13:27:59,58249.0,58299.0,58249.0,58270.0,23310.0
2025-11-07 13:28:59,58276.2,58283.2,58262.0,58275.0,3220.0
2025-11-07 13:29:59,58275.0,58285.6,58263.2,58265.6,2380.0
2025-11-07 13:30:59,58265.8,58282.4,58244.4,58244.4,4200.0
2025-11-07 13:31:59,58244.4,58262.0,58235.2,58240.0,3745.0
2025-11-07 13:32:59,58248.8,58268.8,58236.4,58267.8,4970.0
2025-11-07 13:33:59,58264.2,58266.8,58250.2,58265.2,1155.0
2025-11-07 13:34:59,58265.2,58265.6,58250.2,58260.2,875.0
2025-11-07 13:35:59,58260.2,58278.8,58255.2,58274.4,980.0
2025-11-07 13:36:59,58271.8,58272.8,58250.4,58265.8,1680.0
2025-11-07 13:37:59,58265.8,58268.6,58252.0,58265.2,1855.0
2025-11-07 13:38:59,58265.2,58269.0,58254.4,58258.6,910.0
2025-11-07 13:39:59,58250.0,58268.8,58250.0,58260.0,980.0
2025-11-07 13:40:59,58260.0,58271.8,58252.2,58252.2,1680.0
2025-11-07 13:41:59,58265.4,58270.0,58255.2,58262.2,1540.0
2025-11-07 13:42:59,58262.2,58280.0,58262.2,58262.2,1015.0
2025-11-07 13:43:59,58262.2,58269.2,58255.4,58255.4,1470.0
2025-11-07 13:44:59,58255.4,58274.0,58255.4,58263.2,840.0
2025-11-07 13:45:59,58258.6,58292.0,58258.6,58285.0,11865.0
2025-11-07 13:46:59,58285.0,58287.6,58275.0,58275.2,3150.0
2025-11-07 13:47:59,58270.2,58279.0,58270.0,58270.0,2555.0
2025-11-07 13:48:59,58270.0,58273.8,58255.4,58260.0,840.0
2025-11-07 13:49:59,58260.0,58263.2,58252.0,58252.0,1785.0
2025-11-07 13:50:59,58252.0,58252.0,58215.0,58219.6,11725.0
2025-11-07 13:51:59,58230.0,58241.8,58211.2,58212.6,1995.0
2025-11-07 13:52:59,58203.6,58233.4,58203.4,58222.0,980.0
2025-11-07 13:53:59,58222.0,58234.4,58211.6,58220.2,2030.0
2025-11-07 13:54:59,58220.2,58220.2,58211.4,58211.4,525.0
2025-11-07 13:55:59,58211.4,58211.4,58178.0,58178.0,1015.0
2025-11-07 13:56:59,58178.0,58188.0,58172.0,58188.0,2555.0
2025-11-07 13:57:59,58177.0,58177.0,58144.4,58144.4,6930.0
2025-11-07 13:58:59,58158.2,58164.4,58140.0,58140.0,1365.0
2025-11-07 13:59:59,58140.0,58145.0,58130.0,58140.0,1960.0
2025-11-07 14:00:59,58145.0,58150.0,58120.0,58135.4,2380.0
2025-11-07 14:01:59,58130.4,58133.2,58089.2,58089.2,3395.0
2025-11-07 14:02:59,58089.2,58125.6,58089.2,58097.8,2310.0
2025-11-07 14:03:59,58097.8,58097.8,58070.0,58070.0,5565.0
2025-11-07 14:04:59,58068.0,58083.0,58066.0,58083.0,4690.0
2025-11-07 14:05:59,58083.0,58093.0,58068.0,58080.0,2590.0
2025-11-07 14:06:59,58070.0,58099.0,58070.0,58099.0,1855.0
2025-11-07 14:07:59,58099.0,58120.0,58091.0,58110.0,1610.0
2025-11-07 14:08:59,58110.0,58131.2,58100.0,58108.6,3920.0
2025-11-07 14:09:59,58128.8,58128.8,58104.8,58113.0,910.0
2025-11-07 14:10:59,58113.0,58125.6,58113.0,58115.2,280.0
2025-11-07 14:11:59,58108.2,58139.0,58105.0,58130.0,910.0
2025-11-07 14:12:59,58130.0,58138.8,58116.2,58135.0,1645.0
2025-11-07 14:13:59,58118.8,58131.8,58118.8,58120.2,1225.0
2025-11-07 14:14:59,58120.2,58127.0,58110.0,58120.2,665.0
2025-11-07 14:15:59,58120.2,58132.0,58112.2,58115.6,1120.0
2025-11-07 14:16:59,58115.6,58138.0,58115.6,58131.4,1015.0
2025-11-07 14:17:59,58131.4,58142.8,58125.2,58137.2,945.0
2025-11-07 14:18:59,58137.2,58137.2,58120.2,58129.6,385.0
2025-11-07 14:19:59,58135.0,58142.4,58130.0,58142.4,805.0
2025-11-07 14:20:59,58142.4,58165.0,58142.4,58154.4,1120.0
2025-11-07 14:21:59,58165.0,58172.4,58157.0,58172.4,1050.0
2025-11-07 14:22:59,58172.4,58179.8,58165.0,58179.8,1050.0
2025-11-07 14:23:59,58183.6,58225.0,58183.6,58225.0,2940.0
2025-11-07 14:24:59,58225.0,58247.8,58218.2,58225.6,2905.0
2025-11-07 14:25:59,58225.6,58247.0,58225.6,58232.2,2800.0
2025-11-07 14:26:59,58232.2,58246.6,58225.8,58246.6,735.0
2025-11-07 14:27:59,58240.0,58265.0,58240.0,58250.0,3220.0
2025-11-07 14:28:59,58250.0,58259.0,58234.4,58246.8,875.0
2025-11-07 14:29:59,58246.8,58250.0,58230.4,58234.0,1050.0
2025-11-07 14:30:59,58234.0,58266.0,58225.0,58225.0,7315.0
2025-11-07 14:31:59,58225.0,58230.0,58217.6,58220.0,1330.0
2025-11-07 14:32:59,58220.0,58236.0,58205.4,58228.8,1435.0
2025-11-07 14:33:59,58228.8,58238.8,58209.6,58209.6,1015.0
2025-11-07 14:34:59,58210.0,58225.0,58205.0,58205.2,1435.0
2025-11-07 14:35:59,58205.2,58218.2,58200.0,58204.4,945.0
2025-11-07 14:36:59,58204.4,58218.4,58203.8,58210.8,1645.0
2025-11-07 14:37:59,58210.8,58220.4,58200.0,58202.2,5985.0
2025-11-07 14:38:59,58202.2,58224.2,58202.2,58212.0,210.0
2025-11-07 14:39:59,58212.0,58214.6,58202.2,58214.6,840.0
2025-11-07 14:40:59,58214.6,58220.0,58205.0,58205.0,630.0
2025-11-07 14:41:59,58205.0,58215.6,58200.0,58210.0,1470.0
2025-11-07 14:42:59,58210.0,58218.0,58195.8,58199.8,2030.0
2025-11-07 14:43:59,58199.8,58218.4,58199.8,58218.4,245.0
2025-11-07 14:44:59,58209.8,58222.8,58206.2,58217.2,385.0
2025-11-07 14:45:59,58217.2,58217.2,58172.0,58179.8,1610.0
2025-11-07 14:46:59,58179.8,58200.6,58177.4,58190.0,700.0
2025-11-07 14:47:59,58190.0,58199.2,58172.8,58172.8,1120.0
2025-11-07 14:48:59,58172.8,58199.2,58172.8,58184.8,385.0
2025-11-07 14:49:59,58184.8,58185.0,58172.0,58176.8,630.0
2025-11-07 14:50:59,58176.8,58176.8,58170.0,58170.0,2275.0
2025-11-07 14:51:59,58170.0,58172.0,58158.4,58162.4,2345.0
2025-11-07 14:52:59,58172.8,58176.6,58161.4,58164.8,385.0
2025-11-07 14:53:59,58156.8,58159.4,58146.0,58149.8,2065.0
2025-11-07 14:54:59,58149.8,58149.8,58141.2,58146.0,805.0
2025-11-07 14:55:59,58146.0,58175.0,58146.0,58175.0,560.0
2025-11-07 14:56:59,58175.0,58179.4,58163.6,58170.0,595.0
2025-11-07 14:57:59,58170.0,58175.0,58161.4,58161.4,280.0
2025-11-07 14:58:59,58161.4,58175.8,58154.6,58170.0,1505.0
2025-11-07 14:59:59,58170.0,58180.0,58162.0,58180.0,1015.0
2025-11-07 15:00:59,58180.0,58191.0,58173.0,58189.0,1295.0
2025-11-07 15:01:59,58188.4,58188.6,58158.6,58158.6,1155.0
2025-11-07 15:02:59,58158.6,58168.8,58152.0,58152.0,490.0
2025-11-07 15:03:59,58152.0,58152.0,58110.0,58119.8,3220.0
2025-11-07 15:04:59,58115.0,58125.6,58111.2,58116.6,1155.0
2025-11-07 15:05:59,58124.0,58125.6,58111.0,58111.0,1050.0
2025-11-07 15:06:59,58111.0,58112.4,58105.0,58105.8,2135.0
2025-11-07 15:07:59,58105.8,58123.0,58105.8,58120.0,1155.0
2025-11-07 15:08:59,58120.0,58150.0,58117.8,58125.0,6650.0
2025-11-07 15:09:59,58124.0,58128.0,58115.0,58128.0,2450.0
2025-11-07 15:10:59,58118.8,58127.0,58118.8,58118.8,385.0
2025-11-07 15:11:59,58118.8,58143.4,58118.8,58143.0,1505.0
2025-11-07 15:12:59,58143.0,58143.0,58128.0,58137.6,1085.0
2025-11-07 15:13:59,58128.0,58130.0,58124.4,58125.0,2240.0
2025-11-07 15:14:59,58127.2,58171.0,58127.2,58171.0,1505.0
2025-11-07 15:15:59,58170.0,58210.0,58169.0,58210.0,5110.0
2025-11-07 15:16:59,58210.0,58228.6,58206.4,58214.6,4725.0
2025-11-07 15:17:59,58214.6,58225.0,58205.0,58218.6,2590.0
2025-11-07 15:18:59,58215.0,58229.0,58208.8,58208.8,3430.0
2025-11-07 15:19:59,58208.8,58224.0,58200.0,58205.2,4095.0
2025-11-07 15:20:59,58204.6,58204.6,58186.8,58200.0,1960.0
2025-11-07 15:21:59,58200.0,58210.0,58190.0,58200.0,2065.0
2025-11-07 15:22:59,58200.0,58203.8,58187.0,58187.0,1155.0
2025-11-07 15:23:59,58187.0,58199.0,58183.4,58197.4,1925.0
2025-11-07 15:24:59,58186.8,58200.0,58186.8,58200.0,1470.0
2025-11-07 15:25:59,58200.0,58204.0,58191.0,58198.8,8330.0
2025-11-07 15:26:59,58194.0,58200.0,58190.0,58191.2,980.0
2025-11-07 15:27:59,58199.0,58211.2,58191.0,58211.2,8750.0
2025-11-07 15:28:59,58211.0,58220.0,58211.0,58216.2,4165.0
2025-11-07 15:29:59,58218.2,58222.0,58214.2,58219.0,6510.0
2025-11-10 09:15:59,58200.0,58358.0,58180.2,58339.4,15680.0
2025-11-10 09:16:59,58330.0,58330.0,58270.0,58281.0,11270.0
2025-11-10 09:17:59,58275.0,58289.6,58260.8,58270.0,7035.0
2025-11-10 09:18:59,58270.0,58305.4,58261.2,58299.8,4060.0
2025-11-10 09:19:59,58280.2,58282.6,58244.0,58244.0,3500.0
2025-11-10 09:20:59,58228.0,58265.0,58220.0,58250.0,3045.0
2025-11-10 09:21:59,58250.0,58285.0,58250.0,58263.6,4865.0
2025-11-10 09:22:59,58258.0,58258.0,58226.0,58226.0,3990.0
2025-11-10 09:23:59,58211.0,58239.2,58208.8,58230.6,5250.0
2025-11-10 09:24:59,58229.6,58232.6,58208.0,58208.0,4585.0
2025-11-10 09:25:59,58194.4,58195.0,58160.0,58161.4,6160.0
2025-11-10 09:26:59,58162.0,58232.0,58158.8,58209.8,4480.0
2025-11-10 09:27:59,58209.8,58274.2,58209.8,58267.4,6300.0
2025-11-10 09:28:59,58270.0,58270.0,58213.0,58213.0,2940.0
2025-11-10 09:29:59,58207.2,58242.2,58207.0,58242.2,2030.0
2025-11-10 09:30:59,58242.2,58299.0,58242.2,58299.0,4690.0
2025-11-10 09:31:59,58299.0,58320.0,58295.0,58311.6,5530.0
2025-11-10 09:32:59,58311.6,58320.0,58298.2,58305.4,4515.0
2025-11-10 09:33:59,58305.2,58305.4,58280.0,58296.2,1330.0
2025-11-10 09:34:59,58296.2,58312.6,58290.8,58312.6,3605.0
2025-11-10 09:35:59,58312.4,58320.2,58303.8,58320.0,2520.0
2025-11-10 09:36:59,58315.0,58320.2,58310.0,58312.4,1820.0
2025-11-10 09:37:59,58312.4,58320.2,58303.8,58303.8,2800.0
2025-11-10 09:38:59,58303.8,58314.4,58295.8,58300.2,1120.0
2025-11-10 09:39:59,58299.0,58320.2,58299.0,58320.2,3920.0
2025-11-10 09:40:59,58320.2,58320.2,58260.0,58265.0,1785.0
2025-11-10 09:41:59,58265.0,58288.6,58265.0,58281.4,945.0
2025-11-10 09:42:59,58281.4,58281.4,58259.8,58259.8,385.0
2025-11-10 09:43:59,58259.8,58270.0,58233.0,58260.0,945.0
2025-11-10 09:44:59,58260.0,58269.6,58239.2,58269.6,2240.0
2025-11-10 09:45:59,58269.6,58272.6,58258.6,58258.6,700.0
2025-11-10 09:46:59,58256.2,58269.0,58255.0,58262.2,1295.0
2025-11-10 09:47:59,58260.6,58283.0,58259.4,58280.0,840.0
2025-11-10 09:48:59,58285.8,58330.0,58285.8,58330.0,7770.0
2025-11-10 09:49:59,58314.8,58318.8,58305.6,58315.4,2450.0
2025-11-10 09:50:59,58315.4,58322.2,58301.0,58301.0,1050.0
2025-11-10 09:51:59,58312.8,58319.0,58300.0,58319.0,1365.0
2025-11-10 09:52:59,58319.0,58321.0,58304.0,58319.8,840.0
2025-11-10 09:53:59,58319.8,58320.0,58311.6,58319.0,1085.0
2025-11-10 09:54:59,58321.0,58324.8,58307.6,58315.4,1890.0
2025-11-10 09:55:59,58311.0,58320.2,58311.0,58319.8,455.0
2025-11-10 09:56:59,58319.8,58319.8,58279.8,58280.0,1995.0
2025-11-10 09:57:59,58276.0,58291.4,58266.0,58266.0,1085.0
2025-11-10 09:58:59,58270.2,58279.0,58242.2,58242.2,2415.0
2025-11-10 09:59:59,58240.0,58261.0,58235.2,58242.4,1890.0
2025-11-10 10:00:59,58241.0,58265.0,58241.0,58265.0,2275.0
2025-11-10 10:01:59,58255.2,58275.2,58255.2,58275.0,1190.0
2025-11-10 10:02:59,58275.0,58277.4,58209.2,58211.4,2835.0
2025-11-10 10:03:59,58211.4,58224.8,58207.0,58224.6,875.0
2025-11-10 10:04:59,58224.8,58225.0,58205.0,58205.0,4690.0
2025-11-10 10:05:59,58205.0,58220.0,58200.2,58200.2,3745.0
2025-11-10 10:06:59,58200.2,58229.6,58200.2,58223.4,2520.0
2025-11-10 10:07:59,58211.0,58246.8,58209.0,58225.0,1505.0
2025-11-10 10:08:59,58225.0,58227.8,58216.2,58220.0,770.0
2025-11-10 10:09:59,58218.8,58248.8,58216.2,58246.4,2380.0
2025-11-10 10:10:59,58246.4,58246.4,58223.6,58225.0,455.0
2025-11-10 10:11:59,58225.0,58274.8,58223.4,58274.8,1225.0
2025-11-10 10:12:59,58274.6,58289.0,58258.6,58289.0,2275.0
2025-11-10 10:13:59,58290.0,58297.8,58266.0,58272.0,875.0
2025-11-10 10:14:59,58272.0,58281.2,58268.0,58274.0,280.0
2025-11-10 10:15:59,58281.0,58294.0,58277.4,58285.0,2240.0
2025-11-10 10:16:59,58285.0,58318.0,58285.0,58315.6,2765.0
2025-11-10 10:17:59,58315.6,58321.8,58304.0,58310.0,1680.0
2025-11-10 10:18:59,58310.0,58318.6,58299.8,58313.8,735.0
2025-11-10 10:19:59,58313.8,58325.0,58310.0,58321.0,1470.0
2025-11-10 10:20:59,58327.0,58349.0,58327.0,58345.0,3185.0
2025-11-10 10:21:59,58340.0,58344.6,58321.0,58321.0,1365.0
2025-11-10 10:22:59,58328.8,58339.8,58321.0,58337.0,1225.0
2025-11-10 10:23:59,58337.0,58345.0,58329.0,58337.0,5145.0
2025-11-10 10:24:59,58344.0,58344.0,58322.6,58339.4,980.0
2025-11-10 10:25:59,58339.4,58341.8,58324.0,58334.4,1015.0
2025-11-10 10:26:59,58334.4,58334.4,58322.6,58330.8,560.0
2025-11-10 10:27:59,58322.6,58333.0,58322.2,58322.2,875.0
2025-11-10 10:28:59,58320.0,58328.0,58320.0,58325.0,875.0
2025-11-10 10:29:59,58326.0,58326.0,58310.0,58310.0,2345.0
2025-11-10 10:30:59,58310.0,58324.6,58310.0,58310.0,665.0
2025-11-10 10:31:59,58310.0,58329.8,58310.0,58320.0,1330.0
2025-11-10 10:32:59,58320.0,58340.0,58319.8,58338.8,3710.0
2025-11-10 10:33:59,58338.8,58344.0,58330.0,58340.0,665.0
2025-11-10 10:34:59,58340.0,58344.4,58330.0,58330.0,910.0
2025-11-10 10:35:59,58323.6,58329.4,58311.6,58312.2,1540.0
2025-11-10 10:36:59,58310.0,58311.0,58290.0,58299.6,2835.0
2025-11-10 10:37:59,58299.6,58300.0,58279.6,58281.6,1540.0
2025-11-10 10:38:59,58289.4,58300.0,58289.4,58300.0,700.0
2025-11-10 10:39:59,58300.0,58301.0,58285.0,58293.4,560.0
2025-11-10 10:40:59,58293.4,58300.0,58290.0,58293.0,350.0
2025-11-10 10:41:59,58300.0,58300.0,58285.0,58294.6,595.0
2025-11-10 10:42:59,58294.6,58299.6,58263.2,58270.0,1050.0
2025-11-10 10:43:59,58270.0,58276.2,58270.0,58276.2,420.0
2025-11-10 10:44:59,58276.2,58289.6,58270.8,58282.8,840.0
2025-11-10 10:45:59,58282.8,58282.8,58264.4,58266.2,805.0
2025-11-10 10:46:59,58264.2,58274.8,58259.6,58274.8,700.0
2025-11-10 10:47:59,58274.8,58281.4,58264.2,58281.4,770.0
2025-11-10 10:48:59,58281.4,58288.0,58270.8,58288.0,525.0
2025-11-10 10:49:59,58286.2,58293.8,58270.0,58270.0,630.0
2025-11-10 10:50:59,58270.0,58274.4,58252.0,58253.8,980.0
2025-11-10 10:51:59,58250.8,58257.0,58240.0,58248.4,4935.0
2025-11-10 10:52:59,58248.4,58280.4,58248.4,58279.0,770.0
2025-11-10 10:53:59,58274.4,58291.4,58273.2,58283.2,840.0
2025-11-10 10:54:59,58283.2,58285.0,58268.8,58271.2,805.0
2025-11-10 10:55:59,58271.2,58293.4,58271.2,58293.4,1050.0
2025-11-10 10:56:59,58293.4,58293.4,58276.0,58281.0,490.0
2025-11-10 10:57:59,58281.0,58282.2,58275.0,58275.0,315.0
2025-11-10 10:58:59,58275.0,58287.8,58275.0,58282.0,280.0
2025-11-10 10:59:59,58283.0,58287.0,58275.0,58285.0,630.0
2025-11-10 11:00:59,58285.0,58300.0,58276.0,58300.0,805.0
2025-11-10 11:01:59,58300.0,58307.4,58294.8,58294.8,1575.0
2025-11-10 11:02:59,58294.8,58317.0,58294.8,58312.2,1435.0
2025-11-10 11:03:59,58312.2,58312.2,58307.0,58312.2,385.0
2025-11-10 11:04:59,58312.2,58312.2,58293.0,58293.0,455.0
2025-11-10 11:05:59,58293.0,58311.0,58293.0,58306.4,525.0
2025-11-10 11:06:59,58306.4,58306.4,58300.0,58300.0,1120.0
2025-11-10 11:07:59,58300.0,58300.0,58290.0,58295.4,455.0
2025-11-10 11:08:59,58295.4,58307.0,58293.0,58307.0,280.0
2025-11-10 11:09:59,58307.0,58307.0,58290.0,58290.0,315.0
2025-11-10 11:10:59,58290.0,58290.0,58289.8,58290.0,210.0
2025-11-10 11:11:59,58290.0,58290.2,58288.6,58290.0,420.0
2025-11-10 11:12:59,58290.0,58297.0,58285.0,58288.6,2100.0
2025-11-10 11:13:59,58288.6,58307.0,58288.6,58307.0,315.0
2025-11-10 11:14:59,58307.0,58310.8,58300.0,58310.8,735.0
2025-11-10 11:15:59,58310.8,58310.8,58296.8,58310.8,350.0
2025-11-10 11:16:59,58310.8,58314.4,58310.8,58314.4,385.0
2025-11-10 11:17:59,58314.4,58315.0,58303.6,58313.6,3150.0
2025-11-10 11:18:59,58313.6,58330.0,58303.2,58330.0,1645.0
2025-11-10 11:19:59,58330.0,58330.0,58316.0,58328.0,1995.0
2025-11-10 11:20:59,58328.0,58328.0,58310.2,58328.0,175.0
2025-11-10 11:21:59,58330.0,58340.0,58330.0,58340.0,2030.0
2025-11-10 11:22:59,58340.0,58340.0,58325.0,58329.8,1260.0
2025-11-10 11:23:59,58329.8,58339.0,58317.2,58339.0,525.0
2025-11-10 11:24:59,58339.0,58345.0,58333.8,58345.0,735.0
2025-11-10 11:25:59,58345.0,58345.0,58335.0,58342.8,1505.0
2025-11-10 11:26:59,58342.8,58383.8,58342.0,58367.4,15610.0
2025-11-10 11:27:59,58370.8,58371.6,58351.0,58358.6,3045.0
2025-11-10 11:28:59,58351.0,58356.8,58340.0,58349.6,735.0
2025-11-10 11:29:59,58350.0,58350.0,58342.8,58344.6,280.0
2025-11-10 11:30:59,58344.6,58350.0,58326.2,58343.4,770.0
2025-11-10 11:31:59,58343.4,58344.4,58326.0,58330.0,455.0
2025-11-10 11:32:59,58325.0,58325.2,58320.0,58320.0,455.0
2025-11-10 11:33:59,58320.0,58329.8,58310.0,58310.0,350.0
2025-11-10 11:34:59,58310.0,58315.0,58310.0,58310.0,280.0
2025-11-10 11:35:59,58310.0,58327.0,58310.0,58325.0,385.0
2025-11-10 11:36:59,58325.0,58333.0,58321.2,58321.2,315.0
2025-11-10 11:37:59,58321.2,58340.0,58321.2,58340.0,630.0
2025-11-10 11:38:59,58340.0,58345.2,58321.0,58327.8,980.0
2025-11-10 11:39:59,58327.8,58328.0,58320.0,58321.0,315.0
2025-11-10 11:40:59,58321.0,58322.4,58310.2,58311.0,525.0
2025-11-10 11:41:59,58311.0,58312.6,58285.2,58297.0,1785.0
2025-11-10 11:42:59,58297.0,58324.4,58297.0,58302.8,1155.0
2025-11-10 11:43:59,58306.0,58318.0,58298.8,58305.0,1855.0
2025-11-10 11:44:59,58305.0,58319.8,58299.4,58306.6,525.0
2025-11-10 11:45:59,58306.6,58325.8,58306.6,58320.0,350.0
2025-11-10 11:46:59,58320.0,58330.0,58320.0,58330.0,105.0
2025-11-10 11:47:59,58330.0,58330.0,58320.0,58320.0,280.0
2025-11-10 11:48:59,58320.0,58320.0,58310.2,58318.6,105.0
2025-11-10 11:49:59,58318.6,58318.6,58313.4,58318.6,595.0
2025-11-10 11:50:59,58318.6,58318.8,58310.0,58310.0,280.0
2025-11-10 11:51:59,58310.0,58322.2,58310.0,58322.2,420.0
2025-11-10 11:52:59,58322.2,58340.0,58322.2,58339.6,490.0
2025-11-10 11:53:59,58320.6,58320.6,58313.4,58315.0,560.0
2025-11-10 11:54:59,58311.0,58315.0,58310.0,58315.0,700.0
2025-11-10 11:55:59,58315.0,58315.0,58310.0,58311.0,910.0
2025-11-10 11:56:59,58311.0,58315.0,58295.0,58295.0,1225.0
2025-11-10 11:57:59,58295.0,58300.4,58288.2,58300.4,385.0
2025-11-10 11:58:59,58290.2,58300.4,58289.8,58290.4,630.0
2025-11-10 11:59:59,58290.4,58299.6,58271.4,58275.2,1435.0
2025-11-10 12:00:59,58275.2,58290.2,58275.2,58288.6,1575.0
2025-11-10 12:01:59,58288.8,58308.6,58288.8,58299.2,595.0
2025-11-10 12:02:59,58290.0,58290.8,58282.0,58286.8,805.0
2025-11-10 12:03:59,58286.8,58299.4,58284.6,58284.6,525.0
2025-11-10 12:04:59,58284.6,58286.8,58271.6,58286.8,1470.0
2025-11-10 12:05:59,58286.8,58295.2,58281.4,58289.6,630.0
2025-11-10 12:06:59,58289.6,58309.6,58289.6,58293.6,1120.0
2025-11-10 12:07:59,58293.6,58303.4,58282.2,58299.0,490.0
2025-11-10 12:08:59,58299.0,58299.0,58286.4,58286.4,350.0
2025-11-10 12:09:59,58286.4,58297.6,58280.0,58288.8,735.0
2025-11-10 12:10:59,58288.8,58299.0,58288.8,58299.0,315.0
2025-11-10 12:11:59,58299.0,58300.2,58290.0,58295.2,210.0
2025-11-10 12:12:59,58295.2,58295.2,58290.2,58295.2,175.0
2025-11-10 12:13:59,58295.2,58305.2,58291.8,58295.4,350.0
2025-11-10 12:14:59,58295.4,58300.0,58285.0,58288.2,560.0
2025-11-10 12:15:59,58288.2,58297.6,58282.8,58294.8,420.0
2025-11-10 12:16:59,58294.8,58303.0,58291.4,58295.6,280.0
2025-11-10 12:17:59,58295.6,58310.0,58295.6,58296.0,665.0
2025-11-10 12:18:59,58296.2,58296.2,58288.6,58294.6,700.0
2025-11-10 12:19:59,58294.6,58305.2,58289.6,58305.2,140.0
2025-11-10 12:20:59,58299.4,58305.0,58299.4,58299.4,455.0
2025-11-10 12:21:59,58299.4,58310.2,58290.2,58290.2,140.0
2025-11-10 12:22:59,58290.2,58310.0,58290.2,58308.2,210.0
2025-11-10 12:23:59,58301.0,58310.0,58300.2,58309.8,280.0
2025-11-10 12:24:59,58319.8,58333.0,58316.0,58330.2,1610.0
2025-11-10 12:25:59,58330.2,58330.2,58320.6,58322.8,735.0
2025-11-10 12:26:59,58322.8,58333.0,58322.8,58330.0,280.0
2025-11-10 12:27:59,58330.0,58330.0,58320.0,58320.0,175.0
2025-11-10 12:28:59,58320.0,58333.0,58320.0,58333.0,1120.0
2025-11-10 12:29:59,58333.0,58340.0,58322.6,58322.6,560.0
2025-11-10 12:30:59,58322.6,58348.2,58322.6,58341.2,840.0
2025-11-10 12:31:59,58341.2,58341.2,58325.0,58325.0,210.0
2025-11-10 12:32:59,58325.0,58332.8,58325.0,58332.8,70.0
2025-11-10 12:33:59,58332.8,58335.8,58325.0,58325.0,175.0
2025-11-10 12:34:59,58330.0,58330.0,58320.0,58320.0,105.0
2025-11-10 12:35:59,58320.0,58320.0,58308.6,58315.2,2905.0
2025-11-10 12:36:59,58315.2,58320.0,58315.2,58320.0,245.0
2025-11-10 12:37:59,58320.0,58340.4,58320.0,58322.2,1995.0
2025-11-10 12:38:59,58322.2,58335.4,58322.2,58335.4,70.0
2025-11-10 12:39:59,58335.4,58339.8,58335.0,58339.8,105.0
2025-11-10 12:40:59,58339.8,58340.0,58330.0,58339.6,315.0
2025-11-10 12:41:59,58339.6,58339.6,58329.2,58330.0,175.0
2025-11-10 12:42:59,58330.0,58330.0,58330.0,58330.0,70.0
2025-11-10 12:43:59,58330.0,58349.0,58330.0,58348.6,455.0
2025-11-10 12:44:59,58345.0,58359.8,58345.0,58359.4,2730.0
2025-11-10 12:45:59,58359.4,58360.0,58359.0,58359.4,1680.0
2025-11-10 12:46:59,58359.4,58364.2,58345.0,58355.0,1470.0
2025-11-10 12:47:59,58354.8,58354.8,58340.0,58341.6,560.0
2025-11-10 12:48:59,58341.6,58356.8,58341.6,58350.0,770.0
2025-11-10 12:49:59,58350.0,58357.4,58350.0,58353.0,490.0
2025-11-10 12:50:59,58353.0,58354.8,58346.0,58350.2,420.0
2025-11-10 12:51:59,58350.0,58356.6,58350.0,58356.4,420.0
2025-11-10 12:52:59,58356.4,58356.4,58351.0,58354.2,280.0
2025-11-10 12:53:59,58354.2,58356.6,58354.0,58356.4,595.0
2025-11-10 12:54:59,58356.0,58356.8,58356.0,58356.6,385.0
2025-11-10 12:55:59,58356.8,58357.0,58340.0,58340.0,945.0
2025-11-10 12:56:59,58340.0,58357.0,58340.0,58349.8,490.0
2025-11-10 12:57:59,58349.8,58350.0,58345.0,58350.0,315.0
2025-11-10 12:58:59,58350.0,58359.8,58350.0,58350.2,280.0
2025-11-10 12:59:59,58350.0,58355.0,58350.0,58351.0,105.0
2025-11-10 13:00:59,58351.0,58358.2,58350.0,58358.2,175.0
2025-11-10 13:01:59,58360.0,58360.0,58350.0,58350.0,315.0
2025-11-10 13:02:59,58350.0,58353.4,58350.0,58350.0,315.0
2025-11-10 13:03:59,58350.0,58350.0,58345.0,58345.0,1015.0
2025-11-10 13:04:59,58345.0,58345.0,58316.6,58316.6,3045.0
2025-11-10 13:05:59,58316.6,58327.4,58316.0,58316.0,315.0
2025-11-10 13:06:59,58315.0,58315.0,58301.6,58301.8,1155.0
2025-11-10 13:07:59,58301.8,58326.2,58301.8,58326.2,2205.0
2025-11-10 13:08:59,58326.2,58327.0,58309.8,58327.0,280.0
2025-11-10 13:09:59,58327.0,58327.4,58310.0,58327.4,455.0
2025-11-10 13:10:59,58327.4,58327.4,58314.0,58314.0,315.0
2025-11-10 13:11:59,58314.0,58319.6,58314.0,58319.6,140.0
2025-11-10 13:12:59,58319.6,58319.6,58316.0,58316.0,385.0
2025-11-10 13:13:59,58316.0,58327.0,58310.0,58310.0,280.0
2025-11-10 13:14:59,58310.0,58311.8,58301.2,58305.0,910.0
2025-11-10 13:15:59,58305.0,58311.4,58300.0,58309.4,1190.0
2025-11-10 13:16:59,58309.4,58322.2,58302.6,58315.6,630.0
2025-11-10 13:17:59,58316.4,58316.4,58302.4,58303.4,245.0
2025-11-10 13:18:59,58303.4,58307.6,58303.4,58305.0,175.0
2025-11-10 13:19:59,58305.0,58305.0,58301.0,58302.2,910.0
2025-11-10 13:20:59,58300.2,58301.2,58291.0,58291.0,875.0
2025-11-10 13:21:59,58291.0,58292.0,58280.6,58292.0,2240.0
2025-11-10 13:22:59,58292.0,58302.0,58292.0,58301.2,630.0
2025-11-10 13:23:59,58301.2,58309.0,58300.8,58309.0,875.0
2025-11-10 13:24:59,58309.0,58320.0,58307.2,58320.0,1085.0
2025-11-10 13:25:59,58320.0,58322.2,58318.2,58318.2,595.0
2025-11-10 13:26:59,58318.2,58338.2,58318.2,58325.0,1085.0
2025-11-10 13:27:59,58325.0,58325.0,58312.6,58312.6,35.0
2025-11-10 13:28:59,58313.8,58329.8,58313.8,58329.8,385.0
2025-11-10 13:29:59,58329.8,58337.0,58320.8,58337.0,560.0
2025-11-10 13:30:59,58337.0,58338.0,58328.4,58337.8,1330.0
2025-11-10 13:31:59,58338.0,58340.8,58328.0,58329.4,1645.0
2025-11-10 13:32:59,58329.4,58333.6,58311.6,58312.6,2135.0
2025-11-10 13:33:59,58312.6,58323.2,58309.4,58323.2,385.0
2025-11-10 13:34:59,58323.2,58325.4,58308.8,58322.6,245.0
2025-11-10 13:35:59,58322.6,58323.6,58306.4,58320.0,455.0
2025-11-10 13:36:59,58320.0,58320.4,58313.6,58320.0,140.0
2025-11-10 13:37:59,58320.0,58320.0,58310.4,58319.6,245.0
2025-11-10 13:38:59,58319.6,58319.6,58309.6,58311.6,560.0
2025-11-10 13:39:59,58311.6,58319.0,58311.6,58315.4,245.0
2025-11-10 13:40:59,58315.4,58318.4,58309.0,58317.8,175.0
2025-11-10 13:41:59,58317.8,58317.8,58308.8,58309.0,350.0
2025-11-10 13:42:59,58309.0,58309.0,58300.0,58306.6,735.0
2025-11-10 13:43:59,58306.6,58306.6,58282.0,58282.8,1295.0
2025-11-10 13:44:59,58281.8,58289.6,58250.0,58250.0,3255.0
2025-11-10 13:45:59,58250.0,58264.4,58242.8,58264.4,3570.0
2025-11-10 13:46:59,58264.4,58264.4,58241.8,58248.6,3150.0
2025-11-10 13:47:59,58248.6,58256.0,58240.6,58240.6,3465.0
2025-11-10 13:48:59,58243.6,58260.0,58227.4,58260.0,4235.0
2025-11-10 13:49:59,58260.0,58280.0,58258.6,58280.0,1505.0
2025-11-10 13:50:59,58275.2,58282.8,58253.2,58272.8,805.0
2025-11-10 13:51:59,58272.8,58288.6,58267.4,58288.6,280.0
2025-11-10 13:52:59,58288.2,58288.2,58266.0,58266.0,2135.0
2025-11-10 13:53:59,58266.0,58282.6,58265.0,58279.8,595.0
2025-11-10 13:54:59,58279.8,58279.8,58267.0,58268.0,490.0
2025-11-10 13:55:59,58268.0,58290.0,58268.0,58280.8,630.0
2025-11-10 13:56:59,58280.8,58298.0,58280.4,58285.0,630.0
2025-11-10 13:57:59,58277.4,58277.4,58260.0,58260.2,1820.0
2025-11-10 13:58:59,58257.0,58265.0,58253.0,58256.6,1400.0
2025-11-10 13:59:59,58256.6,58261.8,58250.0,58250.0,2555.0
2025-11-10 14:00:59,58250.0,58257.0,58247.0,58257.0,980.0
2025-11-10 14:01:59,58257.0,58264.8,58254.6,58256.2,210.0
2025-11-10 14:02:59,58256.2,58280.0,58253.2,58280.0,840.0
2025-11-10 14:03:59,58280.0,58289.0,58279.6,58286.0,420.0
2025-11-10 14:04:59,58286.0,58295.0,58280.0,58295.0,175.0
2025-11-10 14:05:59,58295.0,58299.0,58280.6,58294.8,840.0
2025-11-10 14:06:59,58294.8,58295.0,58280.8,58287.8,280.0
2025-11-10 14:07:59,58287.8,58288.0,58275.0,58275.6,875.0
2025-11-10 14:08:59,58275.6,58286.0,58275.6,58286.0,245.0
2025-11-10 14:09:59,58286.0,58294.8,58275.0,58279.2,1015.0
2025-11-10 14:10:59,58279.2,58291.4,58268.2,58290.0,805.0
2025-11-10 14:11:59,58290.0,58290.0,58275.0,58275.0,140.0
2025-11-10 14:12:59,58275.0,58295.0,58275.0,58294.0,490.0
2025-11-10 14:13:59,58282.4,58297.4,58279.2,58297.4,420.0
2025-11-10 14:14:59,58297.4,58297.4,58282.8,58295.0,140.0
2025-11-10 14:15:59,58295.0,58300.0,58295.0,58300.0,980.0
2025-11-10 14:16:59,58300.0,58308.4,58296.2,58305.8,910.0
2025-11-10 14:17:59,58305.8,58308.0,58300.0,58308.0,770.0
2025-11-10 14:18:59,58308.0,58309.0,58301.8,58308.8,210.0
2025-11-10 14:19:59,58308.8,58309.0,58305.0,58309.0,280.0
2025-11-10 14:20:59,58309.0,58317.8,58305.0,58317.8,910.0
2025-11-10 14:21:59,58317.8,58325.0,58305.0,58325.0,1750.0
2025-11-10 14:22:59,58325.0,58340.0,58324.0,58340.0,1575.0
2025-11-10 14:23:59,58340.0,58340.0,58335.0,58335.0,420.0
2025-11-10 14:24:59,58335.0,58352.0,58335.0,58352.0,6405.0
2025-11-10 14:25:59,58352.0,58356.0,58335.0,58348.0,1750.0
2025-11-10 14:26:59,58335.0,58345.0,58326.4,58337.0,770.0
2025-11-10 14:27:59,58337.0,58337.0,58330.0,58337.0,490.0
2025-11-10 14:28:59,58337.0,58346.4,58327.6,58345.4,1085.0
2025-11-10 14:29:59,58345.4,58345.8,58330.0,58341.2,1050.0
2025-11-10 14:30:59,58341.2,58341.2,58334.2,58335.2,770.0
2025-11-10 14:31:59,58335.2,58339.2,58329.2,58338.4,595.0
2025-11-10 14:32:59,58338.4,58338.4,58320.0,58327.8,1610.0
2025-11-10 14:33:59,58327.8,58330.0,58306.6,58309.0,770.0
2025-11-10 14:34:59,58312.0,58337.4,58312.0,58337.4,805.0
2025-11-10 14:35:59,58337.4,58337.4,58311.8,58328.4,350.0
2025-11-10 14:36:59,58316.0,58333.2,58316.0,58333.2,420.0
2025-11-10 14:37:59,58333.6,58348.0,58333.0,58333.4,1225.0
2025-11-10 14:38:59,58328.8,58339.0,58325.0,58339.0,980.0
2025-11-10 14:39:59,58331.6,58333.0,58321.0,58321.0,1085.0
2025-11-10 14:40:59,58321.0,58333.2,58318.8,58333.2,1680.0
2025-11-10 14:41:59,58333.2,58333.2,58318.0,58318.0,945.0
2025-11-10 14:42:59,58318.0,58319.4,58303.6,58311.8,2660.0
2025-11-10 14:43:59,58311.8,58328.2,58306.2,58312.8,2625.0
2025-11-10 14:44:59,58312.4,58324.8,58304.0,58306.4,3465.0
2025-11-10 14:45:59,58308.8,58318.0,58303.8,58318.0,3675.0
2025-11-10 14:46:59,58318.0,58323.4,58302.2,58306.8,1995.0
2025-11-10 14:47:59,58311.4,58325.0,58302.2,58303.8,1155.0
2025-11-10 14:48:59,58303.8,58316.8,58301.6,58316.6,1575.0
2025-11-10 14:49:59,58310.4,58316.6,58300.0,58300.0,840.0
2025-11-10 14:50:59,58301.2,58310.0,58299.8,58304.0,1015.0
2025-11-10 14:51:59,58294.8,58309.4,58288.0,58294.0,2030.0
2025-11-10 14:52:59,58285.0,58293.0,58273.8,58290.0,1330.0
2025-11-10 14:53:59,58283.8,58299.0,58280.0,58299.0,1960.0
2025-11-10 14:54:59,58286.0,58290.0,58283.8,58287.4,1225.0
2025-11-10 14:55:59,58286.2,58298.8,58286.2,58296.2,1120.0
2025-11-10 14:56:59,58296.2,58299.0,58287.6,58287.6,735.0
2025-11-10 14:57:59,58287.6,58300.0,58285.0,58299.0,280.0
2025-11-10 14:58:59,58299.0,58306.2,58289.4,58290.0,770.0
2025-11-10 14:59:59,58290.0,58294.6,58280.2,58280.2,945.0
2025-11-10 15:00:59,58280.2,58294.2,58276.6,58276.6,2380.0
2025-11-10 15:01:59,58289.8,58290.6,58266.2,58288.4,6755.0
2025-11-10 15:02:59,58288.4,58288.4,58261.0,58267.4,6090.0
2025-11-10 15:03:59,58268.6,58274.8,58258.0,58258.0,3010.0
2025-11-10 15:04:59,58270.4,58277.6,58261.0,58275.0,2765.0
2025-11-10 15:05:59,58288.2,58288.2,58270.0,58279.8,2870.0
2025-11-10 15:06:59,58279.8,58279.8,58263.8,58270.0,1400.0
2025-11-10 15:07:59,58268.2,58280.0,58267.8,58280.0,1785.0
2025-11-10 15:08:59,58275.6,58307.0,58275.6,58281.0,3185.0
2025-11-10 15:09:59,58281.0,58282.2,58267.2,58280.0,1085.0
2025-11-10 15:10:59,58266.0,58277.8,58263.0,58275.0,700.0
2025-11-10 15:11:59,58275.0,58275.0,58250.0,58250.0,1330.0
2025-11-10 15:12:59,58259.2,58265.0,58250.0,58250.8,1365.0
2025-11-10 15:13:59,58250.0,58264.2,58250.0,58251.8,1190.0
2025-11-10 15:14:59,58250.0,58265.0,58250.0,58265.0,1225.0
2025-11-10 15:15:59,58254.0,58271.0,58248.0,58263.8,5670.0
2025-11-10 15:16:59,58263.8,58273.0,58254.2,58255.8,4305.0
2025-11-10 15:17:59,58252.8,58272.8,58250.0,58250.0,3640.0
2025-11-10 15:18:59,58254.4,58272.8,58251.2,58271.0,5285.0
2025-11-10 15:19:59,58257.6,58271.8,58256.6,58269.8,2275.0
2025-11-10 15:20:59,58269.8,58269.8,58245.2,58254.8,2310.0
2025-11-10 15:21:59,58246.0,58259.0,58240.0,58259.0,3255.0
2025-11-10 15:22:59,58250.0,58250.0,58235.0,58240.0,2835.0
2025-11-10 15:23:59,58233.4,58248.8,58230.0,58233.4,8155.0
2025-11-10 15:24:59,58231.8,58248.8,58231.8,58239.4,4235.0
2025-11-10 15:25:59,58239.4,58259.8,58239.0,58240.2,6580.0
2025-11-10 15:26:59,58240.2,58257.0,58240.2,58256.4,3080.0
2025-11-10 15:27:59,58256.4,58257.0,58234.6,58235.6,14350.0
2025-11-10 15:28:59,58233.8,58245.8,58228.2,58230.0,7980.0
2025-11-10 15:29:59,58230.0,58240.0,58218.0,58220.6,7070.0
2025-11-11 09:15:59,58220.6,58289.8,58220.6,58228.2,6370.0
2025-11-11 09:16:59,58228.2,58228.2,58175.0,58192.0,9520.0
2025-11-11 09:17:59,58180.0,58198.8,58151.0,58151.0,5810.0
2025-11-11 09:18:59,58151.0,58200.0,58150.2,58188.0,4060.0
2025-11-11 09:19:59,58174.2,58186.4,58162.2,58166.0,3185.0
2025-11-11 09:20:59,58166.0,58166.8,58103.2,58103.2,6405.0
2025-11-11 09:21:59,58101.0,58116.0,58078.0,58116.0,13370.0
2025-11-11 09:22:59,58117.0,58152.8,58100.0,58152.2,4900.0
2025-11-11 09:23:59,58148.2,58179.0,58148.2,58168.6,2590.0
2025-11-11 09:24:59,58168.6,58199.0,58160.2,58197.4,5705.0
2025-11-11 09:25:59,58173.8,58195.0,58155.0,58170.0,2870.0
2025-11-11 09:26:59,58170.0,58170.0,58101.0,58101.0,10325.0
2025-11-11 09:27:59,58101.2,58115.0,58066.0,58067.4,8855.0
2025-11-11 09:28:59,58067.4,58100.0,58062.2,58084.2,3605.0
2025-11-11 09:29:59,58068.6,58112.0,58060.2,58112.0,3115.0
2025-11-11 09:30:59,58108.0,58108.0,58052.0,58083.8,7735.0
2025-11-11 09:31:59,58083.8,58083.8,58055.0,58060.4,5495.0
2025-11-11 09:32:59,58074.8,58075.0,58051.0,58051.8,4480.0
2025-11-11 09:33:59,58051.8,58061.8,58020.0,58027.4,9100.0
2025-11-11 09:34:59,58027.4,58027.4,58007.0,58010.0,6860.0
2025-11-11 09:35:59,58010.0,58047.6,58010.0,58028.8,2695.0
2025-11-11 09:36:59,58025.0,58025.0,57990.0,58000.0,11830.0
2025-11-11 09:37:59,58000.0,58046.0,57991.0,58045.4,3080.0
2025-11-11 09:38:59,58045.4,58065.8,58039.0,58045.4,3115.0
2025-11-11 09:39:59,58045.4,58085.0,58040.0,58085.0,2695.0
2025-11-11 09:40:59,58085.0,58086.6,58060.6,58068.4,2800.0
2025-11-11 09:41:59,58064.6,58088.0,58057.6,58080.0,2345.0
2025-11-11 09:42:59,58080.0,58098.8,58080.0,58085.0,2625.0
2025-11-11 09:43:59,58085.0,58093.2,58073.0,58078.0,1015.0
2025-11-11 09:44:59,58079.2,58105.0,58072.0,58097.2,2765.0
2025-11-11 09:45:59,58097.2,58110.0,58072.0,58078.0,3290.0
2025-11-11 09:46:59,58078.0,58078.0,58025.6,58035.8,11480.0
2025-11-11 09:47:59,58032.6,58047.6,58030.0,58047.6,3990.0
2025-11-11 09:48:59,58047.6,58047.6,58033.0,58035.8,3885.0
2025-11-11 09:49:59,58035.8,58050.0,57972.2,57977.6,5670.0
2025-11-11 09:50:59,57981.4,57987.0,57942.0,57971.8,12775.0
2025-11-11 09:51:59,57970.2,57998.4,57961.6,57981.8,5460.0
2025-11-11 09:52:59,57975.8,58009.2,57975.2,57989.8,2800.0
2025-11-11 09:53:59,57978.6,57988.6,57974.6,57975.2,1540.0
2025-11-11 09:54:59,57975.2,58008.4,57974.0,57986.0,2205.0
2025-11-11 09:55:59,57983.8,57998.0,57982.4,57988.2,2170.0
2025-11-11 09:56:59,57988.2,58032.2,57986.6,58031.0,2310.0
2025-11-11 09:57:59,58030.4,58040.2,58013.6,58037.2,1295.0
2025-11-11 09:58:59,58037.2,58041.2,58018.4,58018.4,875.0
2025-11-11 09:59:59,58026.2,58034.4,58010.6,58033.2,4935.0
2025-11-11 10:00:59,58033.2,58033.2,57995.2,58000.6,1785.0
2025-11-11 10:01:59,57999.8,58021.6,57999.8,58009.0,945.0
2025-11-11 10:02:59,58009.0,58019.2,57993.4,58019.2,2415.0
2025-11-11 10:03:59,58017.0,58019.8,58000.0,58019.8,665.0
2025-11-11 10:04:59,58019.0,58019.2,57990.0,57990.0,1365.0
2025-11-11 10:05:59,57990.0,58014.2,57990.0,58004.0,840.0
2025-11-11 10:06:59,58004.0,58004.0,57988.8,57993.6,1610.0
2025-11-11 10:07:59,57993.6,58016.0,57993.6,58008.8,490.0
2025-11-11 10:08:59,58008.8,58018.2,58000.0,58014.6,700.0
2025-11-11 10:09:59,58014.6,58040.0,57992.0,58040.0,2030.0
2025-11-11 10:10:59,58040.0,58040.0,58004.6,58017.8,1610.0
2025-11-11 10:11:59,58010.0,58025.8,58000.0,58025.8,1260.0
2025-11-11 10:12:59,58025.0,58025.0,58000.0,58010.0,1085.0
2025-11-11 10:13:59,58008.2,58021.4,57984.0,57984.0,2205.0
2025-11-11 10:14:59,57984.0,57984.0,57965.2,57965.2,1925.0
2025-11-11 10:15:59,57961.2,57973.8,57908.6,57954.4,24745.0
2025-11-11 10:16:59,57952.4,57972.0,57945.8,57958.0,7175.0
2025-11-11 10:17:59,57949.4,57973.2,57949.4,57959.8,4830.0
2025-11-11 10:18:59,57959.8,57973.4,57959.8,57962.4,1295.0
2025-11-11 10:19:59,57962.4,57975.0,57961.4,57975.0,1085.0
2025-11-11 10:20:59,57974.0,57984.8,57965.0,57968.4,2835.0
2025-11-11 10:21:59,57967.2,57968.2,57961.0,57965.0,9555.0
2025-11-11 10:22:59,57965.0,57975.2,57962.0,57964.8,420.0
2025-11-11 10:23:59,57960.2,57960.2,57935.6,57937.2,3535.0
2025-11-11 10:24:59,57934.0,57952.8,57928.0,57949.2,1960.0
2025-11-11 10:25:59,57950.0,57959.8,57928.0,57943.8,1365.0
2025-11-11 10:26:59,57957.2,57957.2,57940.2,57949.4,840.0
2025-11-11 10:27:59,57949.0,57950.0,57942.0,57950.0,1505.0
2025-11-11 10:28:59,57950.0,57954.0,57949.8,57950.0,735.0
2025-11-11 10:29:59,57950.0,57950.0,57924.8,57924.8,1190.0
2025-11-11 10:30:59,57924.8,57934.2,57900.0,57916.4,5565.0
2025-11-11 10:31:59,57920.0,57951.2,57920.0,57947.6,875.0
2025-11-11 10:32:59,57947.6,57948.0,57932.0,57936.4,980.0
2025-11-11 10:33:59,57920.0,57923.8,57905.0,57923.0,1820.0
2025-11-11 10:34:59,57923.0,57925.0,57907.4,57913.0,1890.0
2025-11-11 10:35:59,57916.0,57919.0,57900.0,57903.0,2870.0
2025-11-11 10:36:59,57903.0,57915.2,57868.6,57869.4,7175.0
2025-11-11 10:37:59,57874.6,57880.0,57870.0,57874.2,3465.0
2025-11-11 10:38:59,57870.0,57880.0,57870.0,57880.0,6265.0
2025-11-11 10:39:59,57876.0,57887.0,57870.0,57870.0,3675.0
2025-11-11 10:40:59,57870.0,57880.4,57870.0,57880.4,875.0
2025-11-11 10:41:59,57880.4,57894.8,57871.8,57893.4,3955.0
2025-11-11 10:42:59,57893.4,57895.0,57882.4,57882.4,2205.0
2025-11-11 10:43:59,57882.0,57888.0,57870.0,57870.0,1750.0
2025-11-11 10:44:59,57869.4,57897.6,57862.2,57888.0,2625.0
2025-11-11 10:45:59,57877.8,57899.0,57873.0,57890.0,1820.0
2025-11-11 10:46:59,57893.8,57905.0,57875.0,57879.6,4935.0
2025-11-11 10:47:59,57879.6,57910.8,57879.6,57910.4,2415.0
2025-11-11 10:48:59,57911.0,57915.0,57900.2,57912.0,2450.0
2025-11-11 10:49:59,57912.0,57914.6,57905.0,57908.2,1785.0
2025-11-11 10:50:59,57908.2,57910.0,57888.6,57910.0,1995.0
2025-11-11 10:51:59,57910.0,57934.4,57910.0,57928.4,1470.0
2025-11-11 10:52:59,57933.8,57936.0,57920.0,57934.8,1295.0
2025-11-11 10:53:59,57934.8,57945.0,57921.0,57937.0,1435.0
2025-11-11 10:54:59,57941.6,57944.2,57920.2,57922.0,1365.0
2025-11-11 10:55:59,57922.0,57945.0,57920.2,57944.8,665.0
2025-11-11 10:56:59,57944.8,57970.0,57934.0,57960.0,2940.0
2025-11-11 10:57:59,57960.0,57968.0,57945.0,57967.8,875.0
2025-11-11 10:58:59,57967.8,57970.0,57949.2,57962.8,805.0
2025-11-11 10:59:59,57962.8,57978.0,57957.2,57978.0,770.0
2025-11-11 11:00:59,57978.0,57984.8,57957.0,57957.0,1155.0
2025-11-11 11:01:59,57957.0,57970.0,57957.0,57960.0,455.0
2025-11-11 11:02:59,57960.0,57994.0,57960.0,57994.0,2135.0
2025-11-11 11:03:59,57994.0,57995.0,57964.6,57974.8,1225.0
2025-11-11 11:04:59,57968.2,57983.2,57956.4,57957.8,1120.0
2025-11-11 11:05:59,57957.8,57961.4,57930.8,57949.2,945.0
2025-11-11 11:06:59,57955.2,57955.2,57928.0,57939.2,735.0
2025-11-11 11:07:59,57939.2,57975.4,57939.2,57974.4,945.0
2025-11-11 11:08:59,57970.4,57984.0,57970.4,57984.0,700.0
2025-11-11 11:09:59,57984.0,57984.0,57972.0,57975.0,840.0
2025-11-11 11:10:59,57975.0,57995.0,57975.0,57980.0,1190.0
2025-11-11 11:11:59,57980.0,57980.0,57957.6,57957.6,490.0
2025-11-11 11:12:59,57960.0,57961.6,57950.4,57960.6,875.0
2025-11-11 11:13:59,57960.6,57969.8,57960.6,57965.2,525.0
2025-11-11 11:14:59,57965.2,57969.8,57957.4,57957.4,910.0
2025-11-11 11:15:59,57957.4,57969.8,57955.0,57960.0,980.0
2025-11-11 11:16:59,57960.0,57970.0,57950.0,57950.0,595.0
2025-11-11 11:17:59,57950.0,57952.2,57913.4,57952.2,1575.0
2025-11-11 11:18:59,57952.2,57957.0,57933.0,57933.0,350.0
2025-11-11 11:19:59,57933.0,57950.0,57930.0,57930.0,455.0
2025-11-11 11:20:59,57930.0,57948.0,57930.0,57947.0,420.0
2025-11-11 11:21:59,57947.0,57949.6,57935.4,57935.4,420.0
2025-11-11 11:22:59,57935.4,57962.6,57935.4,57937.6,805.0
2025-11-11 11:23:59,57933.0,57940.0,57930.4,57940.0,770.0
2025-11-11 11:24:59,57940.0,57940.0,57929.2,57938.8,385.0
2025-11-11 11:25:59,57938.8,57956.6,57925.0,57956.6,945.0
2025-11-11 11:26:59,57956.6,57965.8,57955.0,57965.8,280.0
2025-11-11 11:27:59,57965.8,57965.8,57956.4,57956.4,210.0
2025-11-11 11:28:59,57965.8,57985.0,57953.6,57985.0,805.0
2025-11-11 11:29:59,57988.0,57989.8,57975.0,57985.0,665.0
2025-11-11 11:30:59,57985.0,57985.0,57972.8,57978.8,455.0
2025-11-11 11:31:59,57978.8,57984.8,57973.0,57973.0,350.0
2025-11-11 11:32:59,57973.0,57984.8,57970.2,57970.2,350.0
2025-11-11 11:33:59,57970.2,57970.2,57952.2,57956.6,245.0
2025-11-11 11:34:59,57956.6,57979.8,57953.2,57979.8,210.0
2025-11-11 11:35:59,57979.8,57979.8,57955.2,57955.2,350.0
2025-11-11 11:36:59,57955.2,57977.6,57955.0,57959.0,210.0
2025-11-11 11:37:59,57959.0,57975.0,57959.0,57975.0,175.0
2025-11-11 11:38:59,57978.6,58010.0,57978.4,58009.6,3465.0
2025-11-11 11:39:59,58009.6,58012.0,58000.0,58005.6,1120.0
2025-11-11 11:40:59,58005.6,58029.0,58002.8,58029.0,1645.0
2025-11-11 11:41:59,58029.0,58029.0,58010.0,58024.8,1120.0
2025-11-11 11:42:59,58016.2,58029.8,58016.2,58022.0,630.0
2025-11-11 11:43:59,58022.0,58029.8,58022.0,58029.0,595.0
2025-11-11 11:44:59,58029.0,58040.0,58029.0,58032.0,1925.0
2025-11-11 11:45:59,58039.2,58043.0,58033.0,58033.0,1330.0
2025-11-11 11:46:59,58033.0,58035.0,58020.2,58020.2,1995.0
2025-11-11 11:47:59,58020.2,58039.8,58020.0,58036.4,1225.0
2025-11-11 11:48:59,58036.6,58044.0,58030.0,58030.0,1050.0
2025-11-11 11:49:59,58030.0,58044.0,58030.0,58031.0,350.0
2025-11-11 11:50:59,58031.0,58037.2,58016.4,58025.0,1610.0
2025-11-11 11:51:59,58027.2,58027.2,58015.0,58018.0,1540.0
2025-11-11 11:52:59,58019.6,58040.0,58015.0,58040.0,2345.0
2025-11-11 11:53:59,58060.0,58094.0,58056.2,58094.0,6300.0
2025-11-11 11:54:59,58094.0,58104.6,58090.8,58099.0,3290.0
2025-11-11 11:55:59,58099.0,58104.6,58090.8,58090.8,910.0
2025-11-11 11:56:59,58090.8,58120.0,58090.8,58115.6,4935.0
2025-11-11 11:57:59,58116.8,58124.4,58110.2,58119.6,6090.0
2025-11-11 11:58:59,58119.6,58119.6,58085.8,58090.4,1120.0
2025-11-11 11:59:59,58091.0,58097.4,58070.0,58080.0,1155.0
2025-11-11 12:00:59,58080.0,58085.0,58075.4,58075.4,700.0
2025-11-11 12:01:59,58080.0,58092.6,58080.0,58090.0,1085.0
2025-11-11 12:02:59,58090.0,58090.0,58080.2,58085.0,385.0
2025-11-11 12:03:59,58085.0,58095.0,58075.0,58095.0,700.0
2025-11-11 12:04:59,58095.0,58095.0,58063.4,58090.0,1015.0
2025-11-11 12:05:59,58092.8,58120.0,58092.8,58111.2,1855.0
2025-11-11 12:06:59,58110.0,58110.0,58087.4,58102.6,665.0
2025-11-11 12:07:59,58102.6,58102.6,58086.6,58100.0,945.0
2025-11-11 12:08:59,58100.0,58100.0,58081.0,58090.0,735.0
2025-11-11 12:09:59,58090.0,58096.6,58080.0,58085.8,840.0
2025-11-11 12:10:59,58085.8,58093.0,58075.2,58085.2,700.0
2025-11-11 12:11:59,58094.2,58094.2,58079.8,58093.4,1225.0
2025-11-11 12:12:59,58093.4,58093.4,58070.0,58080.2,385.0
2025-11-11 12:13:59,58080.2,58080.2,58070.0,58071.0,560.0
2025-11-11 12:14:59,58071.0,58080.0,58071.0,58080.0,350.0
2025-11-11 12:15:59,58080.0,58095.6,58073.4,58076.2,560.0
2025-11-11 12:16:59,58078.2,58087.2,58077.4,58077.4,420.0
2025-11-11 12:17:59,58077.4,58106.4,58077.4,58097.2,595.0
2025-11-11 12:18:59,58097.2,58098.4,58094.0,58098.2,245.0
2025-11-11 12:19:59,58098.2,58100.0,58094.4,58100.0,560.0
2025-11-11 12:20:59,58100.0,58110.0,58100.0,58110.0,805.0
2025-11-11 12:21:59,58110.0,58135.0,58109.0,58130.0,4515.0
2025-11-11 12:22:59,58130.0,58138.4,58110.6,58125.0,7595.0
2025-11-11 12:23:59,58125.0,58127.0,58107.2,58121.6,1890.0
2025-11-11 12:24:59,58121.6,58121.6,58100.0,58113.8,770.0
2025-11-11 12:25:59,58113.8,58118.8,58093.0,58110.0,630.0
2025-11-11 12:26:59,58110.0,58112.8,58110.0,58111.6,245.0
2025-11-11 12:27:59,58111.6,58112.0,58105.4,58112.0,385.0
2025-11-11 12:28:59,58112.0,58136.0,58105.8,58136.0,1015.0
2025-11-11 12:29:59,58136.0,58149.0,58136.0,58143.4,3185.0
2025-11-11 12:30:59,58150.0,58184.0,58150.0,58171.6,9135.0
2025-11-11 12:31:59,58175.0,58176.6,58152.8,58169.6,6160.0
2025-11-11 12:32:59,58170.0,58190.0,58156.6,58179.4,3430.0
2025-11-11 12:33:59,58180.6,58200.0,58180.6,58200.0,6895.0
2025-11-11 12:34:59,58200.0,58200.0,58171.2,58180.0,1470.0
2025-11-11 12:35:59,58176.0,58182.8,58165.4,58182.0,1085.0
2025-11-11 12:36:59,58182.0,58184.0,58175.4,58183.0,1120.0
2025-11-11 12:37:59,58183.0,58185.6,58150.8,58153.8,1330.0
2025-11-11 12:38:59,58153.8,58159.8,58150.0,58154.8,2415.0
2025-11-11 12:39:59,58154.6,58156.4,58141.0,58141.0,1715.0
2025-11-11 12:40:59,58141.0,58152.2,58135.0,58146.0,805.0
2025-11-11 12:41:59,58146.0,58150.6,58141.2,58141.2,455.0
2025-11-11 12:42:59,58141.2,58158.2,58141.2,58147.8,1050.0
2025-11-11 12:43:59,58140.0,58159.0,58130.0,58154.8,910.0
2025-11-11 12:44:59,58154.8,58164.0,58150.2,58159.0,1085.0
2025-11-11 12:45:59,58159.0,58165.6,58145.2,58159.6,4200.0
2025-11-11 12:46:59,58159.6,58165.0,58155.2,58159.4,2380.0
2025-11-11 12:47:59,58159.4,58165.0,58150.2,58165.0,1645.0
2025-11-11 12:48:59,58165.0,58173.2,58165.0,58173.0,1610.0
2025-11-11 12:49:59,58173.0,58190.0,58152.8,58190.0,1890.0
2025-11-11 12:50:59,58190.0,58192.8,58179.8,58185.2,1190.0
2025-11-11 12:51:59,58185.2,58190.2,58181.8,58189.0,3430.0
2025-11-11 12:52:59,58189.0,58190.2,58170.2,58170.4,1890.0
2025-11-11 12:53:59,58179.8,58184.0,58165.2,58180.2,1260.0
2025-11-11 12:54:59,58180.2,58181.6,58170.2,58170.2,1225.0
2025-11-11 12:55:59,58170.2,58177.2,58160.0,58160.0,1015.0
2025-11-11 12:56:59,58160.0,58168.4,58133.0,58133.0,1540.0
2025-11-11 12:57:59,58133.2,58153.2,58125.2,58149.0,1295.0
2025-11-11 12:58:59,58149.0,58149.0,58135.2,58135.2,910.0
2025-11-11 12:59:59,58135.2,58150.0,58125.2,58150.0,1820.0
2025-11-11 13:00:59,58150.0,58160.0,58135.2,58135.2,1015.0
2025-11-11 13:01:59,58135.2,58135.2,58131.2,58135.0,245.0
2025-11-11 13:02:59,58135.0,58160.0,58135.0,58160.0,875.0
2025-11-11 13:03:59,58157.4,58157.4,58150.0,58152.8,210.0
2025-11-11 13:04:59,58152.8,58158.8,58139.8,58155.0,420.0
2025-11-11 13:05:59,58155.0,58164.8,58141.0,58164.8,1085.0
2025-11-11 13:06:59,58168.4,58185.0,58168.4,58185.0,1190.0
2025-11-11 13:07:59,58185.0,58195.4,58168.0,58184.0,2555.0
2025-11-11 13:08:59,58184.0,58184.0,58152.0,58152.0,2555.0
2025-11-11 13:09:59,58152.0,58163.6,58146.4,58157.6,1365.0
2025-11-11 13:10:59,58152.2,58152.2,58146.4,58150.6,4900.0
2025-11-11 13:11:59,58151.2,58160.0,58150.6,58160.0,1785.0
2025-11-11 13:12:59,58165.0,58170.0,58158.4,58160.0,1085.0
2025-11-11 13:13:59,58160.0,58178.4,58160.0,58178.4,245.0
2025-11-11 13:14:59,58178.4,58229.8,58178.4,58225.0,8225.0
2025-11-11 13:15:59,58225.0,58284.0,58225.0,58280.0,15785.0
2025-11-11 13:16:59,58279.8,58305.0,58270.2,58297.8,13195.0
2025-11-11 13:17:59,58308.2,58310.0,58272.6,58290.0,5915.0
2025-11-11 13:18:59,58278.0,58326.4,58278.0,58300.0,7945.0
2025-11-11 13:19:59,58294.4,58310.0,58287.0,58300.2,2835.0
2025-11-11 13:20:59,58300.0,58316.8,58276.2,58316.0,8680.0
2025-11-11 13:21:59,58316.0,58328.0,58300.4,58325.4,5705.0
2025-11-11 13:22:59,58328.0,58328.8,58310.6,58323.0,7245.0
2025-11-11 13:23:59,58323.4,58337.8,58320.0,58326.2,5460.0
2025-11-11 13:24:59,58326.2,58327.2,58306.8,58306.8,1750.0
2025-11-11 13:25:59,58319.8,58319.8,58291.6,58291.6,3570.0
2025-11-11 13:26:59,58291.6,58308.0,58291.6,58306.0,1225.0
2025-11-11 13:27:59,58308.0,58319.8,58305.0,58314.4,1330.0
2025-11-11 13:28:59,58300.6,58314.8,58295.0,58295.0,560.0
2025-11-11 13:29:59,58295.0,58315.0,58290.0,58290.0,945.0
2025-11-11 13:30:59,58290.0,58319.8,58285.2,58315.6,1890.0
2025-11-11 13:31:59,58315.6,58319.8,58315.6,58319.8,2380.0
2025-11-11 13:32:59,58319.8,58340.0,58316.6,58328.4,6195.0
2025-11-11 13:33:59,58328.4,58339.8,58318.0,58325.0,4095.0
2025-11-11 13:34:59,58320.0,58340.0,58320.0,58334.2,1225.0
2025-11-11 13:35:59,58334.2,58348.0,58334.2,58344.6,1785.0
2025-11-11 13:36:59,58344.6,58350.0,58334.8,58336.6,2835.0
2025-11-11 13:37:59,58336.6,58348.4,58318.4,58320.0,910.0
2025-11-11 13:38:59,58320.0,58350.0,58317.0,58339.0,1995.0
2025-11-11 13:39:59,58350.0,58360.8,58333.8,58355.8,7665.0
2025-11-11 13:40:59,58355.8,58364.6,58322.6,58322.6,2940.0
2025-11-11 13:41:59,58324.6,58340.8,58322.4,58330.0,1225.0
2025-11-11 13:42:59,58330.0,58340.4,58318.8,58318.8,1330.0
2025-11-11 13:43:59,58318.8,58329.8,58310.0,58329.8,630.0
2025-11-11 13:44:59,58329.8,58329.8,58310.8,58310.8,280.0
2025-11-11 13:45:59,58328.2,58345.0,58316.0,58345.0,2450.0
2025-11-11 13:46:59,58345.0,58355.8,58333.4,58345.0,3290.0
2025-11-11 13:47:59,58331.6,58363.0,58331.6,58361.4,1540.0
2025-11-11 13:48:59,58361.4,58378.0,58355.0,58378.0,4270.0
2025-11-11 13:49:59,58378.0,58399.0,58378.0,58390.2,10045.0
2025-11-11 13:50:59,58398.4,58400.0,58390.0,58390.0,7350.0
2025-11-11 13:51:59,58393.8,58393.8,58378.0,58380.0,1925.0
2025-11-11 13:52:59,58380.0,58394.4,58370.2,58380.0,2800.0
2025-11-11 13:53:59,58380.0,58397.8,58380.0,58397.8,2485.0
2025-11-11 13:54:59,58396.6,58397.8,58387.4,58392.2,1470.0
2025-11-11 13:55:59,58392.2,58394.0,58378.0,58378.0,1400.0
2025-11-11 13:56:59,58376.0,58383.4,58355.0,58360.0,1575.0
2025-11-11 13:57:59,58360.0,58360.2,58350.2,58356.8,1540.0
2025-11-11 13:58:59,58355.0,58355.2,58319.4,58319.4,2590.0
2025-11-11 13:59:59,58319.4,58333.2,58302.2,58320.0,2170.0
2025-11-11 14:00:59,58320.0,58330.2,58310.2,58325.2,1050.0
2025-11-11 14:01:59,58325.2,58330.0,58320.0,58320.0,735.0
2025-11-11 14:02:59,58317.2,58318.6,58301.2,58310.2,840.0
2025-11-11 14:03:59,58310.2,58315.2,58290.0,58298.4,1575.0
2025-11-11 14:04:59,58297.8,58312.2,58285.0,58300.0,3080.0
2025-11-11 14:05:59,58300.0,58320.0,58300.0,58320.0,3605.0
2025-11-11 14:06:59,58320.0,58320.0,58309.6,58319.6,420.0
2025-11-11 14:07:59,58319.6,58329.2,58313.0,58329.2,875.0
2025-11-11 14:08:59,58329.2,58333.8,58325.2,58333.0,1050.0
2025-11-11 14:09:59,58333.0,58343.2,58331.2,58340.0,840.0
2025-11-11 14:10:59,58340.0,58340.0,58322.0,58327.8,315.0
2025-11-11 14:11:59,58327.8,58327.8,58314.8,58315.4,140.0
2025-11-11 14:12:59,58315.4,58320.0,58315.0,58320.0,175.0
2025-11-11 14:13:59,58320.0,58320.0,58297.8,58298.8,805.0
2025-11-11 14:14:59,58293.6,58306.0,58278.0,58302.6,4655.0
2025-11-11 14:15:59,58302.6,58313.6,58294.6,58313.6,805.0
2025-11-11 14:16:59,58313.6,58324.8,58305.8,58306.8,350.0
2025-11-11 14:17:59,58306.8,58309.2,58285.6,58296.2,1505.0
2025-11-11 14:18:59,58294.0,58301.2,58290.2,58301.2,1050.0
2025-11-11 14:19:59,58301.2,58326.0,58301.2,58311.6,420.0
2025-11-11 14:20:59,58326.6,58334.0,58318.8,58328.6,1050.0
2025-11-11 14:21:59,58328.6,58328.6,58309.8,58317.8,490.0
2025-11-11 14:22:59,58317.8,58329.0,58311.4,58325.0,630.0
2025-11-11 14:23:59,58318.6,58339.0,58318.6,58334.0,1155.0
2025-11-11 14:24:59,58334.0,58350.0,58331.6,58350.0,2975.0
2025-11-11 14:25:59,58350.0,58350.0,58341.0,58349.0,490.0
2025-11-11 14:26:59,58349.0,58349.0,58341.0,58343.4,315.0
2025-11-11 14:27:59,58345.0,58350.0,58345.0,58350.0,455.0
2025-11-11 14:28:59,58350.0,58356.2,58350.0,58356.0,1960.0
2025-11-11 14:29:59,58356.0,58366.8,58346.0,58366.6,1050.0
2025-11-11 14:30:59,58368.8,58380.8,58352.8,58352.8,2240.0
2025-11-11 14:31:59,58364.4,58367.2,58352.8,58364.0,945.0
2025-11-11 14:32:59,58364.0,58380.0,58358.0,58380.0,1470.0
2025-11-11 14:33:59,58363.8,58377.2,58360.2,58376.2,630.0
2025-11-11 14:34:59,58376.2,58376.8,58365.2,58365.4,455.0
2025-11-11 14:35:59,58365.4,58366.0,58346.0,58346.0,1050.0
2025-11-11 14:36:59,58346.0,58348.0,58336.4,58336.4,385.0
2025-11-11 14:37:59,58336.4,58345.0,58311.4,58319.6,1610.0
2025-11-11 14:38:59,58319.6,58319.6,58305.8,58305.8,315.0
2025-11-11 14:39:59,58305.8,58312.4,58298.4,58302.6,2485.0
2025-11-11 14:40:59,58302.6,58335.8,58302.4,58319.6,1400.0
2025-11-11 14:41:59,58319.6,58322.0,58306.0,58306.8,2205.0
2025-11-11 14:42:59,58305.4,58317.0,58300.6,58317.0,1785.0
2025-11-11 14:43:59,58317.0,58325.0,58310.2,58310.2,245.0
2025-11-11 14:44:59,58310.2,58317.4,58310.0,58317.4,1050.0
2025-11-11 14:45:59,58317.4,58324.8,58315.0,58315.0,1330.0
2025-11-11 14:46:59,58311.2,58315.0,58309.0,58311.0,1855.0
2025-11-11 14:47:59,58311.0,58318.0,58309.0,58317.8,385.0
2025-11-11 14:48:59,58319.0,58324.8,58319.0,58320.0,1960.0
2025-11-11 14:49:59,58320.0,58324.2,58314.8,58316.2,140.0
2025-11-11 14:50:59,58316.2,58336.2,58314.8,58336.2,1890.0
2025-11-11 14:51:59,58336.6,58344.6,58333.0,58339.8,315.0
2025-11-11 14:52:59,58344.8,58354.4,58344.8,58345.0,1225.0
2025-11-11 14:53:59,58345.0,58345.0,58325.2,58334.8,525.0
2025-11-11 14:54:59,58334.8,58334.8,58320.8,58320.8,350.0
2025-11-11 14:55:59,58320.8,58328.4,58320.2,58320.2,525.0
2025-11-11 14:56:59,58320.2,58320.8,58320.0,58320.8,1505.0
2025-11-11 14:57:59,58320.8,58333.4,58316.2,58316.6,1050.0
2025-11-11 14:58:59,58316.6,58330.2,58316.6,58325.0,1155.0
2025-11-11 14:59:59,58330.0,58330.0,58322.2,58328.0,455.0
2025-11-11 15:00:59,58323.0,58350.0,58323.0,58347.0,3780.0
2025-11-11 15:01:59,58347.0,58350.0,58331.6,58349.8,840.0
2025-11-11 15:02:59,58349.8,58350.0,58337.4,58345.0,945.0
2025-11-11 15:03:59,58348.0,58352.0,58340.4,58350.0,1855.0
2025-11-11 15:04:59,58350.0,58373.4,58350.0,58359.0,3080.0
2025-11-11 15:05:59,58355.2,58359.0,58351.2,58355.0,910.0
2025-11-11 15:06:59,58360.0,58367.0,58360.0,58365.2,1715.0
2025-11-11 15:07:59,58364.0,58374.4,58350.0,58350.0,4690.0
2025-11-11 15:08:59,58350.0,58358.8,58330.6,58340.0,3360.0
2025-11-11 15:09:59,58340.0,58348.0,58325.0,58328.6,3360.0
2025-11-11 15:10:59,58328.6,58348.0,58328.6,58340.0,1295.0
2025-11-11 15:11:59,58340.0,58345.0,58340.0,58342.0,1120.0
2025-11-11 15:12:59,58342.0,58350.0,58342.0,58345.0,2940.0
2025-11-11 15:13:59,58345.0,58362.4,58340.6,58362.4,2555.0
2025-11-11 15:14:59,58348.8,58365.0,58344.2,58365.0,3290.0
2025-11-11 15:15:59,58363.4,58375.2,58347.0,58374.4,5775.0
2025-11-11 15:16:59,58375.4,58376.8,58351.8,58373.0,5985.0
2025-11-11 15:17:59,58374.0,58376.0,58370.4,58371.6,4200.0
2025-11-11 15:18:59,58371.6,58371.6,58365.0,58365.0,2695.0
2025-11-11 15:19:59,58365.0,58370.6,58355.4,58363.0,2975.0
2025-11-11 15:20:59,58362.8,58372.4,58350.2,58365.6,4655.0
2025-11-11 15:21:59,58365.6,58370.4,58352.4,58366.8,1610.0
2025-11-11 15:22:59,58366.6,58375.0,58355.0,58375.0,2135.0
2025-11-11 15:23:59,58375.0,58385.0,58372.2,58385.0,2835.0
2025-11-11 15:24:59,58381.0,58391.0,58381.0,58384.2,5075.0
2025-11-11 15:25:59,58384.2,58393.0,58380.0,58388.0,6335.0
2025-11-11 15:26:59,58388.0,58394.4,58382.6,58392.0,3605.0
2025-11-11 15:27:59,58394.0,58395.0,58386.0,58394.8,5390.0
2025-11-11 15:28:59,58394.8,58395.0,58390.2,58391.0,6475.0
2025-11-11 15:29:59,58390.2,58398.8,58390.2,58392.0,7350.0
2025-11-12 09:15:59,58606.0,58650.0,58546.0,58581.4,29190.0
2025-11-12 09:16:59,58570.0,58611.8,58570.0,58580.0,19110.0
2025-11-12 09:17:59,58588.2,58604.4,58570.0,58572.0,8750.0
2025-11-12 09:18:59,58577.4,58580.0,58555.0,58567.0,7175.0
2025-11-12 09:19:59,58549.4,58564.0,58540.2,58545.4,6685.0
2025-11-12 09:20:59,58550.0,58560.0,58530.0,58553.6,10325.0
2025-11-12 09:21:59,58560.0,58570.0,58556.8,58570.0,5180.0
2025-11-12 09:22:59,58570.2,58594.0,58568.2,58585.2,3955.0
2025-11-12 09:23:59,58590.0,58594.0,58572.6,58589.8,2660.0
2025-11-12 09:24:59,58585.0,58640.0,58583.4,58635.0,10745.0
2025-11-12 09:25:59,58635.0,58640.0,58620.0,58633.4,7035.0
2025-11-12 09:26:59,58633.4,58635.0,58610.6,58626.2,3640.0
2025-11-12 09:27:59,58616.2,58628.8,58601.2,58601.2,3500.0
2025-11-12 09:28:59,58604.8,58609.0,58570.0,58570.0,3255.0
2025-11-12 09:29:59,58570.0,58574.2,58551.4,58562.0,1610.0
2025-11-12 09:30:59,58562.0,58570.2,58553.8,58556.0,2415.0
2025-11-12 09:31:59,58560.0,58595.0,58560.0,58595.0,2135.0
2025-11-12 09:32:59,58595.0,58614.6,58595.0,58598.6,2100.0
2025-11-12 09:33:59,58599.6,58615.0,58596.2,58596.2,2030.0
2025-11-12 09:34:59,58590.0,58593.8,58555.0,58560.2,2135.0
2025-11-12 09:35:59,58561.0,58565.0,58543.2,58550.0,4515.0
2025-11-12 09:36:59,58550.0,58565.0,58550.0,58550.0,2275.0
2025-11-12 09:37:59,58545.2,58550.2,58507.4,58510.0,3290.0
2025-11-12 09:38:59,58510.0,58541.0,58510.0,58535.2,4830.0
2025-11-12 09:39:59,58531.0,58531.0,58500.4,58503.0,6580.0
2025-11-12 09:40:59,58504.8,58540.0,58504.4,58533.6,7000.0
2025-11-12 09:41:59,58533.6,58555.0,58520.0,58555.0,4935.0
2025-11-12 09:42:59,58555.8,58585.0,58555.8,58579.6,2870.0
2025-11-12 09:43:59,58580.2,58586.0,58570.0,58570.0,1085.0
2025-11-12 09:44:59,58560.0,58581.2,58552.0,58581.2,1645.0
2025-11-12 09:45:59,58577.8,58579.8,58552.4,58570.4,11690.0
2025-11-12 09:46:59,58570.4,58589.8,58570.0,58588.8,3010.0
2025-11-12 09:47:59,58599.8,58619.2,58593.4,58593.4,11340.0
2025-11-12 09:48:59,58593.4,58618.4,58593.4,58608.4,1715.0
2025-11-12 09:49:59,58608.4,58609.8,58605.0,58608.4,1575.0
2025-11-12 09:50:59,58608.4,58609.8,58600.0,58600.0,1680.0
2025-11-12 09:51:59,58596.2,58596.6,58580.2,58592.6,1540.0
2025-11-12 09:52:59,58580.4,58610.0,58580.4,58608.2,1435.0
2025-11-12 09:53:59,58600.0,58611.2,58583.2,58583.2,1715.0
2025-11-12 09:54:59,58589.8,58590.0,58575.0,58584.0,980.0
2025-11-12 09:55:59,58575.0,58590.0,58575.0,58578.0,2345.0
2025-11-12 09:56:59,58575.0,58598.0,58570.0,58576.4,1295.0
2025-11-12 09:57:59,58576.4,58598.6,58576.4,58589.6,385.0
2025-11-12 09:58:59,58589.6,58605.0,58583.0,58592.2,1575.0
2025-11-12 09:59:59,58592.2,58592.2,58583.0,58588.8,455.0
2025-11-12 10:00:59,58590.0,58605.0,58590.0,58592.2,2100.0
2025-11-12 10:01:59,58592.2,58604.6,58578.6,58586.8,1820.0
2025-11-12 10:02:59,58586.8,58599.4,58571.8,58599.4,2380.0
2025-11-12 10:03:59,58599.4,58599.4,58557.0,58557.0,665.0
2025-11-12 10:04:59,58560.4,58564.6,58554.2,58560.2,1225.0
2025-11-12 10:05:59,58560.2,58561.6,58542.0,58561.6,3500.0
2025-11-12 10:06:59,58570.0,58588.0,58569.6,58587.2,1295.0
2025-11-12 10:07:59,58587.2,58587.2,58567.2,58567.2,420.0
2025-11-12 10:08:59,58567.2,58586.0,58567.2,58570.0,770.0
2025-11-12 10:09:59,58560.2,58565.2,58545.6,58550.8,700.0
2025-11-12 10:10:59,58556.8,58569.0,58546.4,58559.8,1050.0
2025-11-12 10:11:59,58559.8,58579.0,58559.8,58566.6,280.0
2025-11-12 10:12:59,58566.6,58566.6,58558.8,58559.0,700.0
2025-11-12 10:13:59,58559.0,58559.0,58533.2,58533.2,1225.0
2025-11-12 10:14:59,58533.2,58550.0,58533.2,58540.0,595.0
2025-11-12 10:15:59,58535.4,58545.6,58509.8,58531.0,20755.0
2025-11-12 10:16:59,58531.0,58577.4,58531.0,58576.2,1750.0
2025-11-12 10:17:59,58570.0,58571.8,58555.0,58555.2,1645.0
2025-11-12 10:18:59,58555.2,58555.2,58531.0,58531.2,525.0
2025-11-12 10:19:59,58530.0,58550.0,58530.0,58538.0,385.0
2025-11-12 10:20:59,58538.0,58560.0,58538.0,58550.2,1155.0
2025-11-12 10:21:59,58550.2,58554.6,58537.0,58537.0,560.0
2025-11-12 10:22:59,58520.0,58534.8,58513.2,58516.0,1015.0
2025-11-12 10:23:59,58510.0,58520.0,58506.0,58515.0,945.0
2025-11-12 10:24:59,58515.0,58515.0,58475.4,58490.2,8330.0
2025-11-12 10:25:59,58490.2,58513.0,58489.0,58513.0,945.0
2025-11-12 10:26:59,58513.0,58513.0,58488.6,58488.6,1785.0
2025-11-12 10:27:59,58488.6,58499.0,58485.6,58494.0,1085.0
2025-11-12 10:28:59,58494.0,58494.0,58482.2,58488.8,3675.0
2025-11-12 10:29:59,58488.8,58488.8,58483.6,58485.0,2170.0
2025-11-12 10:30:59,58485.0,58503.6,58483.0,58490.0,1995.0
2025-11-12 10:31:59,58490.0,58490.0,58462.8,58475.0,3710.0
2025-11-12 10:32:59,58475.0,58500.0,58466.4,58500.0,1820.0
2025-11-12 10:33:59,58510.0,58513.0,58500.0,58500.4,1400.0
2025-11-12 10:34:59,58500.4,58545.0,58500.0,58542.8,1890.0
2025-11-12 10:35:59,58545.0,58546.0,58531.4,58544.2,1330.0
2025-11-12 10:36:59,58544.8,58555.0,58535.0,58555.0,1610.0
2025-11-12 10:37:59,58555.0,58559.2,58550.0,58559.2,1050.0
2025-11-12 10:38:59,58559.2,58566.8,58548.0,58566.8,2275.0
2025-11-12 10:39:59,58566.8,58567.0,58552.6,58564.0,1330.0
2025-11-12 10:40:59,58564.0,58575.0,58560.0,58575.0,875.0
2025-11-12 10:41:59,58575.0,58589.0,58575.0,58589.0,1225.0
2025-11-12 10:42:59,58589.0,58590.0,58579.0,58590.0,735.0
2025-11-12 10:43:59,58590.0,58590.0,58568.6,58585.6,1890.0
2025-11-12 10:44:59,58590.0,58590.0,58563.2,58577.2,1295.0
2025-11-12 10:45:59,58577.2,58597.4,58572.8,58572.8,19110.0
2025-11-12 10:46:59,58572.8,58572.8,58566.2,58570.4,770.0
2025-11-12 10:47:59,58570.4,58581.4,58570.4,58581.4,385.0
2025-11-12 10:48:59,58581.4,58595.0,58575.4,58595.0,665.0
2025-11-12 10:49:59,58595.0,58598.0,58586.0,58587.6,1890.0
2025-11-12 10:50:59,58587.6,58598.0,58568.6,58589.0,1645.0
2025-11-12 10:51:59,58589.0,58599.8,58582.2,58585.0,1400.0
2025-11-12 10:52:59,58585.0,58595.0,58585.0,58595.0,315.0
2025-11-12 10:53:59,58595.0,58595.0,58590.0,58595.0,700.0
2025-11-12 10:54:59,58595.0,58595.8,58583.4,58595.0,245.0
2025-11-12 10:55:59,58595.0,58597.8,58590.0,58590.0,1540.0
2025-11-12 10:56:59,58590.0,58590.0,58575.2,58579.2,560.0
2025-11-12 10:57:59,58579.2,58579.8,58565.0,58565.0,665.0
2025-11-12 10:58:59,58565.0,58570.6,58550.0,58550.0,945.0
2025-11-12 10:59:59,58551.0,58551.0,58536.0,58536.0,525.0
2025-11-12 11:00:59,58540.0,58540.0,58525.6,58530.0,2905.0
2025-11-12 11:01:59,58538.4,58545.0,58525.2,58540.0,735.0
2025-11-12 11:02:59,58545.0,58550.0,58532.0,58550.0,945.0
2025-11-12 11:03:59,58550.0,58558.8,58544.8,58558.8,700.0
2025-11-12 11:04:59,58558.8,58558.8,58552.0,58552.0,210.0
2025-11-12 11:05:59,58552.0,58555.0,58550.4,58550.4,175.0
2025-11-12 11:06:59,58550.4,58555.0,58550.0,58550.0,350.0
2025-11-12 11:07:59,58550.0,58550.0,58542.0,58550.0,105.0
2025-11-12 11:08:59,58550.0,58575.0,58550.0,58575.0,1155.0
2025-11-12 11:09:59,58571.4,58573.8,58559.0,58562.2,350.0
2025-11-12 11:10:59,58562.2,58562.2,58555.0,58555.0,805.0
2025-11-12 11:11:59,58555.0,58562.0,58550.0,58562.0,420.0
2025-11-12 11:12:59,58562.0,58562.0,58554.0,58554.0,105.0
2025-11-12 11:13:59,58554.0,58556.4,58554.0,58556.4,175.0
2025-11-12 11:14:59,58556.4,58564.8,58555.0,58555.0,245.0
2025-11-12 11:15:59,58555.0,58577.6,58550.2,58553.0,19915.0
2025-11-12 11:16:59,58553.0,58553.0,58548.0,58553.0,525.0
2025-11-12 11:17:59,58553.0,58558.0,58540.4,58541.8,910.0
2025-11-12 11:18:59,58541.8,58550.0,58540.4,58550.0,245.0
2025-11-12 11:19:59,58550.0,58557.0,58550.0,58550.0,175.0
2025-11-12 11:20:59,58550.0,58554.2,58550.0,58554.2,70.0
2025-11-12 11:21:59,58554.2,58554.2,58550.0,58554.0,385.0
2025-11-12 11:22:59,58554.0,58556.2,58540.0,58540.0,1190.0
2025-11-12 11:23:59,58540.0,58550.2,58540.0,58550.2,700.0
2025-11-12 11:24:59,58550.2,58567.8,58550.2,58567.0,210.0
2025-11-12 11:25:59,58567.0,58572.0,58567.0,58567.0,105.0
2025-11-12 11:26:59,58567.0,58567.0,58541.2,58541.2,210.0
2025-11-12 11:27:59,58541.2,58553.4,58541.2,58553.4,105.0
2025-11-12 11:28:59,58553.4,58553.4,58540.0,58540.2,350.0
2025-11-12 11:29:59,58552.6,58552.6,58550.0,58552.2,210.0
2025-11-12 11:30:59,58552.2,58561.6,58540.0,58540.0,350.0
2025-11-12 11:31:59,58540.0,58548.4,58535.2,58547.2,175.0
2025-11-12 11:32:59,58547.2,58547.2,58540.2,58542.8,140.0
2025-11-12 11:33:59,58550.0,58552.0,58540.2,58552.0,350.0
2025-11-12 11:34:59,58552.0,58560.0,58552.0,58559.8,630.0
2025-11-12 11:35:59,58559.8,58575.0,58558.8,58575.0,1050.0
2025-11-12 11:36:59,58574.6,58575.0,58572.0,58574.6,420.0
2025-11-12 11:37:59,58574.6,58580.0,58545.2,58545.2,1750.0
2025-11-12 11:38:59,58545.2,58550.0,58539.4,58550.0,245.0
2025-11-12 11:39:59,58545.0,58545.0,58535.0,58540.0,665.0
2025-11-12 11:40:59,58540.0,58544.0,58515.4,58520.0,4200.0
2025-11-12 11:41:59,58517.8,58530.4,58517.8,58530.4,6370.0
2025-11-12 11:42:59,58530.4,58550.0,58530.4,58541.4,2065.0
2025-11-12 11:43:59,58541.4,58551.0,58541.4,58551.0,140.0
2025-11-12 11:44:59,58551.0,58559.0,58540.4,58559.0,700.0
2025-11-12 11:45:59,58559.0,58560.8,58540.0,58541.8,18060.0
2025-11-12 11:46:59,58541.8,58541.8,58540.0,58540.0,35.0
2025-11-12 11:47:59,58540.0,58559.0,58536.0,58559.0,595.0
2025-11-12 11:48:59,58559.0,58559.2,58559.0,58559.2,70.0
2025-11-12 11:49:59,58559.2,58559.2,58540.0,58547.8,1155.0
2025-11-12 11:50:59,58547.8,58547.8,58531.8,58543.0,280.0
2025-11-12 11:51:59,58543.0,58547.4,58540.0,58540.0,210.0
2025-11-12 11:52:59,58535.0,58544.0,58531.0,58544.0,560.0
2025-11-12 11:53:59,58544.0,58560.0,58544.0,58560.0,420.0
2025-11-12 11:54:59,58560.0,58570.0,58553.8,58570.0,280.0
2025-11-12 11:55:59,58570.0,58575.0,58570.0,58572.0,280.0
2025-11-12 11:56:59,58572.0,58586.2,58570.0,58586.2,1085.0
2025-11-12 11:57:59,58590.0,58611.8,58590.0,58599.2,6790.0
2025-11-12 11:58:59,58604.8,58605.6,58590.0,58597.4,1330.0
2025-11-12 11:59:59,58597.4,58598.0,58583.4,58583.4,140.0
2025-11-12 12:00:59,58590.0,58594.8,58575.0,58580.0,560.0
2025-11-12 12:01:59,58566.0,58576.0,58556.2,58572.0,350.0
2025-11-12 12:02:59,58572.0,58572.0,58555.0,58565.0,175.0
2025-11-12 12:03:59,58565.0,58565.0,58560.0,58560.2,140.0
2025-11-12 12:04:59,58560.2,58580.0,58560.2,58567.0,1155.0
2025-11-12 12:05:59,58567.0,58585.0,58567.0,58579.8,980.0
2025-11-12 12:06:59,58579.8,58580.0,58564.8,58565.0,245.0
2025-11-12 12:07:59,58565.0,58582.8,58565.0,58565.8,490.0
2025-11-12 12:08:59,58565.8,58583.0,58565.8,58583.0,245.0
2025-11-12 12:09:59,58585.0,58590.0,58580.4,58581.2,420.0
2025-11-12 12:10:59,58581.2,58585.0,58567.0,58567.0,665.0
2025-11-12 12:11:59,58567.0,58580.0,58561.0,58561.0,175.0
2025-11-12 12:12:59,58561.0,58567.2,58550.0,58550.2,9695.0
2025-11-12 12:13:59,58550.2,58561.8,58550.2,58552.0,560.0
2025-11-12 12:14:59,58552.0,58565.0,58543.4,58565.0,1505.0
2025-11-12 12:15:59,58565.0,58565.0,58550.0,58563.4,210.0
2025-11-12 12:16:59,58556.6,58574.4,58550.0,58556.2,630.0
2025-11-12 12:17:59,58550.6,58555.0,58550.6,58555.0,700.0
2025-11-12 12:18:59,58555.0,58568.6,58555.0,58566.6,245.0
2025-11-12 12:19:59,58566.6,58567.6,58555.0,58567.6,210.0
2025-11-12 12:20:59,58567.6,58578.8,58567.6,58578.8,210.0
2025-11-12 12:21:59,58578.8,58579.8,58567.6,58570.0,210.0
2025-11-12 12:22:59,58570.0,58570.8,58564.8,58570.8,840.0
2025-11-12 12:23:59,58570.8,58570.8,58562.4,58565.4,770.0
2025-11-12 12:24:59,58565.4,58579.0,58565.4,58579.0,70.0
2025-11-12 12:25:59,58579.0,58579.0,58565.0,58565.0,420.0
2025-11-12 12:26:59,58565.0,58570.0,58562.2,58570.0,420.0
2025-11-12 12:27:59,58579.0,58582.0,58570.0,58582.0,385.0
2025-11-12 12:28:59,58582.0,58588.0,58580.6,58588.0,560.0
2025-11-12 12:29:59,58588.0,58590.0,58580.2,58590.0,665.0
2025-11-12 12:30:59,58590.0,58591.0,58578.6,58591.0,840.0
2025-11-12 12:31:59,58595.0,58617.0,58595.0,58615.8,3535.0
2025-11-12 12:32:59,58605.0,58617.0,58600.0,58608.0,980.0
2025-11-12 12:33:59,58608.0,58617.0,58598.0,58600.0,455.0
2025-11-12 12:34:59,58600.0,58615.0,58600.0,58604.6,525.0
2025-11-12 12:35:59,58604.6,58630.0,58604.6,58622.0,4410.0
2025-11-12 12:36:59,58622.0,58635.0,58622.0,58630.8,2100.0
2025-11-12 12:37:59,58630.8,58681.0,58630.2,58681.0,25550.0
2025-11-12 12:38:59,58681.0,58681.0,58664.0,58667.8,6685.0
2025-11-12 12:39:59,58665.2,58678.0,58660.0,58670.0,7420.0
2025-11-12 12:40:59,58670.0,58684.6,58670.0,58677.0,5880.0
2025-11-12 12:41:59,58677.0,58688.0,58677.0,58684.4,5215.0
2025-11-12 12:42:59,58684.4,58684.4,58660.0,58675.0,3290.0
2025-11-12 12:43:59,58675.0,58677.0,58660.0,58665.2,1855.0
2025-11-12 12:44:59,58670.0,58679.0,58661.0,58673.8,3640.0
2025-11-12 12:45:59,58676.4,58691.2,58675.0,58690.4,5460.0
2025-11-12 12:46:59,58692.0,58692.2,58663.0,58663.0,2870.0
2025-11-12 12:47:59,58663.0,58677.8,58661.0,58666.4,700.0
2025-11-12 12:48:59,58666.4,58678.8,58663.2,58678.6,910.0
2025-11-12 12:49:59,58676.6,58680.0,58665.0,58665.6,1015.0
2025-11-12 12:50:59,58665.6,58666.0,58665.2,58666.0,630.0
2025-11-12 12:51:59,58666.0,58675.0,58666.0,58675.0,420.0
2025-11-12 12:52:59,58675.0,58675.0,58635.2,58635.2,9310.0
2025-11-12 12:53:59,58635.2,58662.2,58635.2,58643.2,700.0
2025-11-12 12:54:59,58654.4,58657.2,58645.6,58645.6,1190.0
2025-11-12 12:55:59,58645.6,58655.0,58642.4,58642.4,315.0
2025-11-12 12:56:59,58643.2,58656.2,58643.2,58656.2,560.0
2025-11-12 12:57:59,58656.2,58660.0,58650.0,58652.4,175.0
2025-11-12 12:58:59,58652.4,58670.0,58652.4,58670.0,420.0
2025-11-12 12:59:59,58670.0,58675.0,58668.2,58675.0,875.0
2025-11-12 13:00:59,58685.0,58692.0,58673.6,58684.4,1120.0
2025-11-12 13:01:59,58684.4,58686.6,58670.8,58678.2,1120.0
2025-11-12 13:02:59,58678.2,58678.2,58670.4,58670.6,210.0
2025-11-12 13:03:59,58678.2,58678.2,58661.6,58664.6,1330.0
2025-11-12 13:04:59,58664.6,58677.0,58664.6,58677.0,35.0
2025-11-12 13:05:59,58668.8,58677.0,58668.4,58669.4,735.0
2025-11-12 13:06:59,58669.4,58680.0,58669.4,58671.2,595.0
2025-11-12 13:07:59,58671.2,58685.0,58671.2,58685.0,980.0
2025-11-12 13:08:59,58688.0,58690.8,58680.2,58683.2,3220.0
2025-11-12 13:09:59,58683.2,58683.2,58661.2,58672.8,2415.0
2025-11-12 13:10:59,58672.8,58675.0,58662.2,58662.2,630.0
2025-11-12 13:11:59,58662.2,58670.0,58650.0,58650.0,735.0
2025-11-12 13:12:59,58650.0,58670.0,58650.0,58668.0,595.0
2025-11-12 13:13:59,58668.0,58669.0,58653.0,58655.0,490.0
2025-11-12 13:14:59,58655.0,58667.4,58649.6,58649.6,280.0
2025-11-12 13:15:59,58664.4,58664.4,58646.2,58649.4,1400.0
2025-11-12 13:16:59,58649.4,58678.4,58649.4,58673.4,10395.0
2025-11-12 13:17:59,58673.4,58673.4,58650.2,58652.0,315.0
2025-11-12 13:18:59,58652.0,58664.0,58650.0,58650.2,420.0
2025-11-12 13:19:59,58650.2,58664.0,58650.2,58664.0,175.0
2025-11-12 13:20:59,58664.0,58670.4,58658.2,58670.4,280.0
2025-11-12 13:21:59,58670.4,58672.0,58660.2,58669.8,245.0
2025-11-12 13:22:59,58670.0,58684.4,58667.2,58684.4,560.0
2025-11-12 13:23:59,58684.4,58684.4,58666.4,58679.8,455.0
2025-11-12 13:24:59,58679.8,58679.8,58659.6,58672.8,840.0
2025-11-12 13:25:59,58672.8,58672.8,58655.0,58655.0,420.0
2025-11-12 13:26:59,58655.0,58668.0,58651.0,58668.0,210.0
2025-11-12 13:27:59,58668.0,58668.0,58651.0,58651.0,245.0
2025-11-12 13:28:59,58636.4,58651.0,58636.4,58648.0,805.0
2025-11-12 13:29:59,58648.0,58648.0,58620.0,58620.8,665.0
2025-11-12 13:30:59,58620.0,58620.0,58580.0,58591.6,3570.0
2025-11-12 13:31:59,58597.8,58617.8,58591.6,58617.8,805.0
2025-11-12 13:32:59,58617.8,58617.8,58581.2,58581.2,595.0
2025-11-12 13:33:59,58581.2,58610.4,58581.0,58599.2,490.0
2025-11-12 13:34:59,58599.2,58619.6,58589.0,58616.0,945.0
2025-11-12 13:35:59,58616.0,58617.0,58600.0,58617.0,280.0
2025-11-12 13:36:59,58615.2,58615.4,58600.0,58600.0,525.0
2025-11-12 13:37:59,58600.0,58616.0,58600.0,58616.0,1715.0
2025-11-12 13:38:59,58616.0,58625.0,58615.0,58625.0,560.0
2025-11-12 13:39:59,58625.0,58635.0,58621.8,58630.0,700.0
2025-11-12 13:40:59,58630.0,58635.0,58617.4,58635.0,805.0
2025-11-12 13:41:59,58635.0,58644.8,58610.6,58610.6,1540.0
2025-11-12 13:42:59,58610.6,58622.6,58604.8,58606.8,1155.0
2025-11-12 13:43:59,58606.8,58614.4,58602.8,58602.8,1890.0
2025-11-12 13:44:59,58602.8,58639.4,58595.2,58639.4,4515.0
2025-11-12 13:45:59,58639.4,58639.4,58620.2,58628.6,525.0
2025-11-12 13:46:59,58628.6,58634.6,58620.0,58625.0,770.0
2025-11-12 13:47:59,58625.0,58642.6,58625.0,58641.0,1050.0
2025-11-12 13:48:59,58641.0,58650.0,58636.0,58649.8,665.0
2025-11-12 13:49:59,58649.8,58650.0,58642.0,58642.0,1190.0
2025-11-12 13:50:59,58642.0,58647.4,58642.0,58646.8,1330.0
2025-11-12 13:51:59,58647.0,58654.4,58642.0,58650.0,3115.0
2025-11-12 13:52:59,58650.0,58650.0,58640.0,58640.0,420.0
2025-11-12 13:53:59,58640.0,58649.8,58632.2,58639.8,805.0
2025-11-12 13:54:59,58639.8,58639.8,58625.0,58632.0,595.0
2025-11-12 13:55:59,58632.0,58639.0,58626.0,58638.8,665.0
2025-11-12 13:56:59,58638.8,58638.8,58630.0,58636.8,665.0
2025-11-12 13:57:59,58636.8,58636.8,58620.8,58630.0,700.0
2025-11-12 13:58:59,58630.0,58630.0,58623.0,58627.2,280.0
2025-11-12 13:59:59,58631.0,58632.0,58625.0,58632.0,420.0
2025-11-12 14:00:59,58632.0,58644.8,58630.0,58644.6,315.0
2025-11-12 14:01:59,58640.0,58645.0,58612.0,58612.0,4200.0
2025-11-12 14:02:59,58612.0,58612.0,58601.0,58605.6,455.0
2025-11-12 14:03:59,58605.6,58605.6,58590.0,58595.0,1120.0
2025-11-12 14:04:59,58595.0,58599.0,58595.0,58598.8,140.0
2025-11-12 14:05:59,58598.8,58598.8,58584.0,58589.0,2345.0
2025-11-12 14:06:59,58589.0,58599.4,58586.0,58598.8,1015.0
2025-11-12 14:07:59,58598.8,58598.8,58580.0,58580.0,840.0
2025-11-12 14:08:59,58580.0,58592.2,58573.0,58573.0,1225.0
2025-11-12 14:09:59,58573.0,58573.0,58550.2,58550.2,3640.0
2025-11-12 14:10:59,58552.8,58561.6,58538.0,58550.0,4935.0
2025-11-12 14:11:59,58560.8,58582.0,58550.0,58550.0,875.0
2025-11-12 14:12:59,58550.0,58555.0,58550.0,58551.0,490.0
2025-11-12 14:13:59,58551.0,58559.0,58550.2,58559.0,980.0
2025-11-12 14:14:59,58559.0,58576.6,58550.0,58572.6,1435.0
2025-11-12 14:15:59,58565.6,58571.8,58565.0,58565.2,560.0
2025-11-12 14:16:59,58565.2,58565.2,58558.4,58560.0,140.0
2025-11-12 14:17:59,58560.0,58575.4,58555.2,58566.6,840.0
2025-11-12 14:18:59,58566.6,58580.0,58566.6,58580.0,245.0
2025-11-12 14:19:59,58585.0,58588.4,58567.2,58567.2,490.0
2025-11-12 14:20:59,58567.2,58580.6,58561.0,58561.0,700.0
2025-11-12 14:21:59,58561.0,58562.0,58560.0,58560.0,70.0
2025-11-12 14:22:59,58551.8,58565.0,58550.0,58554.0,735.0
2025-11-12 14:23:59,58554.0,58562.6,58551.0,58551.0,140.0
2025-11-12 14:24:59,58551.0,58579.8,58551.0,58579.8,1050.0
2025-11-12 14:25:59,58579.8,58590.0,58552.0,58590.0,4480.0
2025-11-12 14:26:59,58590.0,58597.8,58585.0,58593.4,665.0
2025-11-12 14:27:59,58593.4,58598.0,58585.0,58598.0,420.0
2025-11-12 14:28:59,58598.0,58599.0,58593.2,58593.2,490.0
2025-11-12 14:29:59,58593.2,58593.2,58566.6,58566.6,840.0
2025-11-12 14:30:59,58566.6,58592.8,58560.0,58592.8,840.0
2025-11-12 14:31:59,58592.8,58592.8,58581.2,58592.8,210.0
2025-11-12 14:32:59,58592.8,58595.4,58570.8,58570.8,385.0
2025-11-12 14:33:59,58570.8,58597.4,58570.8,58597.4,245.0
2025-11-12 14:34:59,58597.4,58597.6,58581.0,58595.0,420.0
2025-11-12 14:35:59,58595.0,58599.0,58590.0,58595.0,1050.0
2025-11-12 14:36:59,58595.0,58595.0,58580.0,58593.0,560.0
2025-11-12 14:37:59,58593.0,58593.0,58580.0,58590.0,315.0
2025-11-12 14:38:59,58590.0,58595.0,58587.4,58595.0,665.0
2025-11-12 14:39:59,58595.0,58604.0,58595.0,58600.0,1260.0
2025-11-12 14:40:59,58595.0,58600.0,58592.8,58598.0,385.0
2025-11-12 14:41:59,58598.0,58598.0,58581.4,58588.0,350.0
2025-11-12 14:42:59,58588.0,58588.0,58570.6,58570.6,315.0
2025-11-12 14:43:59,58570.6,58585.0,58570.0,58570.0,525.0
2025-11-12 14:44:59,58570.0,58590.2,58564.8,58580.0,3255.0
2025-11-12 14:45:59,58580.0,58580.0,58570.6,58572.6,980.0
2025-11-12 14:46:59,58572.6,58572.6,58569.0,58570.0,525.0
2025-11-12 14:47:59,58570.0,58579.0,58570.0,58579.0,1400.0
2025-11-12 14:48:59,58579.0,58579.0,58572.0,58575.0,210.0
2025-11-12 14:49:59,58575.0,58579.0,58563.2,58566.4,1085.0
2025-11-12 14:50:59,58566.4,58570.0,58563.6,58569.2,560.0
2025-11-12 14:51:59,58580.0,58580.6,58570.2,58580.6,385.0
2025-11-12 14:52:59,58580.6,58590.0,58580.6,58590.0,1645.0
2025-11-12 14:53:59,58590.0,58604.2,58590.0,58604.2,1435.0
2025-11-12 14:54:59,58606.2,58606.8,58603.2,58604.8,2135.0
2025-11-12 14:55:59,58604.8,58604.8,58590.0,58590.0,1575.0
2025-11-12 14:56:59,58590.0,58602.0,58590.0,58601.0,665.0
2025-11-12 14:57:59,58591.2,58596.0,58580.2,58580.2,1995.0
2025-11-12 14:58:59,58580.2,58591.2,58580.2,58589.0,175.0
2025-11-12 14:59:59,58589.0,58596.0,58580.0,58596.0,1645.0
2025-11-12 15:00:59,58596.0,58598.4,58570.0,58593.6,980.0
2025-11-12 15:01:59,58593.6,58598.2,58586.6,58592.2,630.0
2025-11-12 15:02:59,58592.2,58592.2,58578.0,58578.0,455.0
2025-11-12 15:03:59,58578.0,58595.2,58578.0,58588.6,945.0
2025-11-12 15:04:59,58588.6,58589.8,58580.8,58583.0,875.0
2025-11-12 15:05:59,58576.0,58583.0,58570.0,58583.0,1295.0
2025-11-12 15:06:59,58583.0,58588.6,58580.2,58580.2,315.0
2025-11-12 15:07:59,58582.0,58590.0,58569.8,58572.8,1365.0
2025-11-12 15:08:59,58574.0,58580.0,58568.0,58570.2,1015.0
2025-11-12 15:09:59,58579.0,58580.0,58568.2,58575.0,6055.0
2025-11-12 15:10:59,58575.0,58575.0,58555.0,58555.4,1960.0
2025-11-12 15:11:59,58555.4,58571.0,58554.0,58554.0,1540.0
2025-11-12 15:12:59,58554.0,58561.2,58554.0,58558.4,630.0
2025-11-12 15:13:59,58560.0,58562.2,58550.2,58553.2,1470.0
2025-11-12 15:14:59,58547.8,58547.8,58525.0,58529.8,8925.0
2025-11-12 15:15:59,58521.6,58530.0,58502.0,58508.0,8470.0
2025-11-12 15:16:59,58508.0,58518.0,58505.0,58518.0,5810.0
2025-11-12 15:17:59,58520.0,58535.0,58514.2,58520.0,7420.0
2025-11-12 15:18:59,58520.0,58520.0,58510.0,58513.4,1225.0
2025-11-12 15:19:59,58513.2,58520.0,58510.4,58515.0,3115.0
2025-11-12 15:20:59,58515.0,58519.6,58510.0,58511.4,1785.0
2025-11-12 15:21:59,58510.0,58525.6,58505.0,58505.8,4725.0
2025-11-12 15:22:59,58505.0,58521.2,58505.0,58510.0,1470.0
2025-11-12 15:23:59,58510.0,58519.0,58501.8,58510.2,1820.0
2025-11-12 15:24:59,58510.2,58515.0,58500.0,58514.8,8085.0
2025-11-12 15:25:59,58514.8,58515.0,58493.4,58500.0,5705.0
2025-11-12 15:26:59,58500.0,58510.0,58492.4,58504.8,5600.0
2025-11-12 15:27:59,58504.8,58509.8,58492.0,58495.0,4095.0
2025-11-12 15:28:59,58495.0,58509.8,58492.8,58492.8,5425.0
2025-11-12 15:29:59,58509.2,58509.2,58490.0,58490.0,5530.0
2025-11-13 09:15:59,58449.8,58503.2,58405.2,58436.0,8330.0
2025-11-13 09:16:59,58420.0,58449.8,58415.0,58449.8,11830.0
2025-11-13 09:17:59,58450.0,58475.2,58441.4,58461.0,6195.0
2025-11-13 09:18:59,58465.4,58479.8,58439.0,58440.0,7140.0
2025-11-13 09:19:59,58433.8,58449.0,58423.0,58444.2,1715.0
2025-11-13 09:20:59,58442.6,58450.0,58430.0,58435.0,3115.0
2025-11-13 09:21:59,58430.0,58435.0,58400.0,58415.2,8470.0
2025-11-13 09:22:59,58412.2,58412.2,58360.0,58396.0,10500.0
2025-11-13 09:23:59,58380.0,58446.2,58373.2,58430.0,3570.0
2025-11-13 09:24:59,58428.8,58470.0,58428.0,58460.4,3850.0
2025-11-13 09:25:59,58469.8,58513.0,58469.8,58513.0,5460.0
2025-11-13 09:26:59,58519.0,58519.0,58494.6,58501.0,3500.0
2025-11-13 09:27:59,58500.0,58515.0,58490.4,58504.0,4060.0
2025-11-13 09:28:59,58510.8,58512.2,58496.2,58512.2,5600.0
2025-11-13 09:29:59,58508.8,58518.6,58493.8,58500.0,4445.0
2025-11-13 09:30:59,58501.2,58520.0,58500.0,58520.0,2975.0
2025-11-13 09:31:59,58516.4,58516.4,58500.0,58514.4,1365.0
2025-11-13 09:32:59,58514.8,58514.8,58496.0,58508.8,1085.0
2025-11-13 09:33:59,58511.4,58525.0,58510.0,58516.6,1295.0
2025-11-13 09:34:59,58512.0,58512.0,58450.6,58450.6,1820.0
2025-11-13 09:35:59,58455.0,58479.8,58430.8,58430.8,1960.0
2025-11-13 09:36:59,58430.0,58450.0,58417.4,58423.6,2450.0
2025-11-13 09:37:59,58426.2,58444.8,58417.0,58444.8,1680.0
2025-11-13 09:38:59,58445.0,58472.4,58444.0,58466.4,1120.0
2025-11-13 09:39:59,58464.2,58473.6,58457.8,58473.6,770.0
2025-11-13 09:40:59,58475.0,58500.6,58473.0,58494.0,1505.0
2025-11-13 09:41:59,58499.0,58520.0,58493.6,58493.6,1505.0
2025-11-13 09:42:59,58490.4,58524.0,58490.4,58517.0,2310.0
2025-11-13 09:43:59,58517.4,58544.0,58515.0,58527.0,4235.0
2025-11-13 09:44:59,58520.0,58548.0,58520.0,58545.0,2800.0
2025-11-13 09:45:59,58543.8,58586.0,58543.8,58586.0,12250.0
2025-11-13 09:46:59,58588.0,58592.8,58575.0,58576.8,5600.0
2025-11-13 09:47:59,58577.8,58588.0,58566.6,58580.0,3220.0
2025-11-13 09:48:59,58585.0,58591.6,58575.0,58585.2,2905.0
2025-11-13 09:49:59,58580.0,58585.0,58570.2,58582.8,1295.0
2025-11-13 09:50:59,58579.8,58594.0,58575.8,58592.8,1505.0
2025-11-13 09:51:59,58590.0,58594.0,58570.4,58590.0,1960.0
2025-11-13 09:52:59,58587.4,58593.0,58578.0,58586.2,1225.0
2025-11-13 09:53:59,58591.4,58591.4,58568.2,58575.6,1925.0
2025-11-13 09:54:59,58573.2,58575.0,58544.8,58544.8,2450.0
2025-11-13 09:55:59,58543.8,58565.0,58532.4,58564.8,1855.0
2025-11-13 09:56:59,58569.6,58582.0,58564.8,58571.2,805.0
2025-11-13 09:57:59,58580.4,58585.0,58574.4,58574.6,1715.0
2025-11-13 09:58:59,58574.0,58574.0,58561.8,58569.6,2870.0
2025-11-13 09:59:59,58565.2,58585.0,58565.2,58585.0,6580.0
2025-11-13 10:00:59,58580.2,58591.0,58580.2,58591.0,2205.0
2025-11-13 10:01:59,58592.0,58634.0,58592.0,58634.0,10430.0
2025-11-13 10:02:59,58630.0,58643.8,58615.0,58620.0,10465.0
2025-11-13 10:03:59,58624.6,58642.0,58618.2,58638.4,2800.0
2025-11-13 10:04:59,58640.0,58644.4,58624.8,58630.0,4340.0
2025-11-13 10:05:59,58633.8,58645.0,58631.2,58635.0,2135.0
2025-11-13 10:06:59,58631.4,58634.4,58625.0,58628.0,3045.0
2025-11-13 10:07:59,58623.6,58664.2,58622.6,58663.2,8365.0
2025-11-13 10:08:59,58664.2,58670.0,58653.6,58661.8,4585.0
2025-11-13 10:09:59,58655.4,58655.4,58643.2,58653.6,6125.0
2025-11-13 10:10:59,58649.4,58649.4,58632.2,58646.0,2275.0
2025-11-13 10:11:59,58645.0,58645.0,58630.2,58634.8,1610.0
2025-11-13 10:12:59,58645.0,58645.0,58638.2,58643.4,420.0
2025-11-13 10:13:59,58639.0,58648.0,58630.2,58630.2,1820.0
2025-11-13 10:14:59,58638.0,58650.0,58630.4,58650.0,1680.0
2025-11-13 10:15:59,58644.4,58672.2,58644.4,58669.4,11165.0
2025-11-13 10:16:59,58672.0,58675.0,58660.0,58665.0,5530.0
2025-11-13 10:17:59,58668.8,58685.0,58662.6,58685.0,4970.0
2025-11-13 10:18:59,58682.2,58689.0,58672.8,58688.8,2975.0
2025-11-13 10:19:59,58688.0,58688.0,58668.6,58680.0,3220.0
2025-11-13 10:20:59,58685.0,58685.0,58655.2,58655.2,4585.0
2025-11-13 10:21:59,58658.2,58682.0,58658.2,58682.0,1330.0
2025-11-13 10:22:59,58676.0,58681.6,58660.6,58677.8,1785.0
2025-11-13 10:23:59,58679.4,58681.0,58660.0,58680.2,1785.0
2025-11-13 10:24:59,58681.0,58685.0,58677.8,58680.2,3290.0
2025-11-13 10:25:59,58676.2,58676.2,58660.0,58660.0,1855.0
2025-11-13 10:26:59,58662.8,58668.0,58652.4,58659.4,1260.0
2025-11-13 10:27:59,58656.2,58663.0,58645.6,58647.8,910.0
2025-11-13 10:28:59,58645.0,58657.0,58642.2,58652.2,2520.0
2025-11-13 10:29:59,58651.4,58663.8,58646.6,58663.8,1260.0
2025-11-13 10:30:59,58664.4,58670.0,58660.2,58664.4,1680.0
2025-11-13 10:31:59,58666.8,58669.8,58655.0,58655.0,1015.0
2025-11-13 10:32:59,58668.2,58677.6,58667.2,58677.6,2695.0
2025-11-13 10:33:59,58675.4,58689.0,58667.0,58689.0,3675.0
2025-11-13 10:34:59,58690.0,58725.0,58689.0,58720.0,8365.0
2025-11-13 10:35:59,58717.2,58724.4,58700.4,58705.6,3605.0
2025-11-13 10:36:59,58705.0,58710.2,58705.0,58709.8,1540.0
2025-11-13 10:37:59,58710.0,58719.2,58700.2,58703.8,2905.0
2025-11-13 10:38:59,58704.0,58707.8,58702.2,58707.6,1715.0
2025-11-13 10:39:59,58705.0,58712.6,58699.2,58700.0,2590.0
2025-11-13 10:40:59,58706.6,58710.0,58695.0,58705.0,5810.0
2025-11-13 10:41:59,58706.6,58707.2,58691.8,58706.0,2485.0
2025-11-13 10:42:59,58708.0,58708.0,58700.0,58700.0,735.0
2025-11-13 10:43:59,58698.8,58701.4,58697.2,58697.2,1120.0
2025-11-13 10:44:59,58699.8,58709.0,58695.2,58704.0,1750.0
2025-11-13 10:45:59,58709.8,58710.0,58698.4,58699.6,1820.0
2025-11-13 10:46:59,58700.0,58701.0,58696.8,58701.0,1015.0
2025-11-13 10:47:59,58701.6,58712.6,58701.6,58702.0,1295.0
2025-11-13 10:48:59,58711.4,58718.0,58702.0,58718.0,1085.0
2025-11-13 10:49:59,58719.0,58739.6,58715.6,58735.6,5110.0
2025-11-13 10:50:59,58736.0,58740.0,58728.6,58728.8,5810.0
2025-11-13 10:51:59,58728.4,58738.6,58722.4,58723.2,2800.0
2025-11-13 10:52:59,58721.8,58725.0,58700.2,58725.0,1820.0
2025-11-13 10:53:59,58727.4,58737.2,58727.4,58730.2,2485.0
2025-11-13 10:54:59,58730.0,58740.4,58730.0,58737.4,4025.0
2025-11-13 10:55:59,58735.0,58739.0,58718.4,58739.0,4025.0
2025-11-13 10:56:59,58738.4,58740.0,58718.2,58726.4,1505.0
2025-11-13 10:57:59,58723.0,58723.0,58715.2,58715.4,1120.0
2025-11-13 10:58:59,58715.0,58715.4,58703.8,58712.0,1225.0
2025-11-13 10:59:59,58714.6,58721.0,58707.6,58721.0,490.0
2025-11-13 11:00:59,58725.0,58733.0,58720.6,58721.4,2170.0
2025-11-13 11:01:59,58721.6,58721.6,58712.6,58715.2,1365.0
2025-11-13 11:02:59,58719.6,58727.0,58717.2,58727.0,1190.0
2025-11-13 11:03:59,58727.8,58745.6,58727.8,58739.4,6930.0
2025-11-13 11:04:59,58743.6,58750.0,58740.0,58750.0,2870.0
2025-11-13 11:05:59,58755.0,58772.4,58753.2,58770.0,12180.0
2025-11-13 11:06:59,58772.0,58774.2,58765.0,58765.0,5880.0
2025-11-13 11:07:59,58770.0,58774.8,58765.8,58770.0,4480.0
2025-11-13 11:08:59,58773.4,58773.4,58766.4,58767.6,2240.0
2025-11-13 11:09:59,58771.0,58772.0,58752.4,58756.2,4270.0
2025-11-13 11:10:59,58754.2,58756.6,58740.2,58744.0,5355.0
2025-11-13 11:11:59,58742.2,58747.2,58723.6,58725.4,2170.0
2025-11-13 11:12:59,58727.8,58739.8,58718.0,58724.4,2695.0
2025-11-13 11:13:59,58722.2,58722.2,58707.0,58716.0,1610.0
2025-11-13 11:14:59,58716.4,58728.2,58712.0,58721.2,1890.0
2025-11-13 11:15:59,58720.8,58721.6,58705.4,58713.6,2415.0
2025-11-13 11:16:59,58719.0,58725.0,58710.0,58713.4,1960.0
2025-11-13 11:17:59,58723.8,58730.0,58721.8,58724.8,1085.0
2025-11-13 11:18:59,58720.8,58721.8,58705.0,58705.0,1435.0
2025-11-13 11:19:59,58709.2,58709.2,58687.2,58690.4,3360.0
2025-11-13 11:20:59,58692.0,58700.0,58692.0,58692.4,840.0
2025-11-13 11:21:59,58676.4,58689.6,58672.8,58672.8,3675.0
2025-11-13 11:22:59,58674.8,58688.0,58674.8,58684.8,2240.0
2025-11-13 11:23:59,58685.0,58685.0,58673.0,58676.2,630.0
2025-11-13 11:24:59,58685.0,58686.2,58678.6,58678.6,1295.0
2025-11-13 11:25:59,58686.8,58716.4,58685.0,58716.4,2240.0
2025-11-13 11:26:59,58716.8,58717.0,58711.8,58717.0,910.0
2025-11-13 11:27:59,58720.0,58735.0,58720.0,58730.0,1785.0
2025-11-13 11:28:59,58733.4,58734.6,58718.0,58718.0,1960.0
2025-11-13 11:29:59,58721.0,58721.0,58719.2,58719.2,280.0
2025-11-13 11:30:59,58710.2,58710.2,58692.6,58700.0,665.0
2025-11-13 11:31:59,58690.2,58693.6,58690.2,58693.6,630.0
2025-11-13 11:32:59,58710.0,58710.0,58690.4,58690.4,1295.0
2025-11-13 11:33:59,58705.0,58710.0,58699.0,58710.0,420.0
2025-11-13 11:34:59,58701.2,58710.0,58700.4,58709.0,280.0
2025-11-13 11:35:59,58700.8,58721.4,58695.0,58712.0,1715.0
2025-11-13 11:36:59,58709.0,58726.4,58708.8,58716.2,1400.0
2025-11-13 11:37:59,58725.2,58728.8,58723.8,58727.6,420.0
2025-11-13 11:38:59,58727.0,58758.2,58727.0,58745.8,2415.0
2025-11-13 11:39:59,58750.0,58762.4,58750.0,58750.0,1470.0
2025-11-13 11:40:59,58753.6,58756.0,58746.2,58752.8,1785.0
2025-11-13 11:41:59,58740.2,58745.8,58740.0,58742.0,525.0
2025-11-13 11:42:59,58733.2,58740.6,58728.0,58734.0,875.0
2025-11-13 11:43:59,58740.0,58740.0,58730.2,58739.8,525.0
2025-11-13 11:44:59,58739.0,58740.0,58731.8,58738.6,245.0
2025-11-13 11:45:59,58731.4,58740.0,58731.4,58740.0,455.0
2025-11-13 11:46:59,58734.2,58740.0,58725.0,58725.0,735.0
2025-11-13 11:47:59,58720.0,58740.0,58713.8,58740.0,945.0
2025-11-13 11:48:59,58748.0,58749.8,58743.8,58743.8,455.0
2025-11-13 11:49:59,58745.6,58745.6,58736.0,58740.2,1085.0
2025-11-13 11:50:59,58744.0,58747.4,58734.8,58740.0,805.0
2025-11-13 11:51:59,58735.0,58748.0,58735.0,58742.8,560.0
2025-11-13 11:52:59,58742.0,58746.2,58738.0,58746.2,840.0
2025-11-13 11:53:59,58746.0,58750.0,58746.0,58750.0,1540.0
2025-11-13 11:54:59,58746.6,58752.4,58746.6,58750.4,1015.0
2025-11-13 11:55:59,58751.0,58755.0,58749.6,58749.6,3990.0
2025-11-13 11:56:59,58753.0,58760.0,58749.4,58760.0,2485.0
2025-11-13 11:57:59,58761.0,58774.0,58750.0,58750.8,6230.0
2025-11-13 11:58:59,58749.6,58755.0,58744.6,58754.0,735.0
2025-11-13 11:59:59,58760.0,58768.8,58760.0,58768.8,595.0
2025-11-13 12:00:59,58766.4,58768.4,58758.0,58760.2,875.0
2025-11-13 12:01:59,58759.4,58759.4,58746.8,58759.4,1225.0
2025-11-13 12:02:59,58755.6,58759.4,58750.8,58750.8,560.0
2025-11-13 12:03:59,58752.2,58759.0,58751.0,58756.6,385.0
2025-11-13 12:04:59,58754.2,58758.4,58750.8,58753.0,1120.0
2025-11-13 12:05:59,58756.2,58761.0,58753.6,58757.4,840.0
2025-11-13 12:06:59,58760.0,58760.0,58746.8,58754.6,1645.0
2025-11-13 12:07:59,58757.0,58775.0,58757.0,58775.0,1785.0
2025-11-13 12:08:59,58770.0,58775.0,58765.0,58765.0,2870.0
2025-11-13 12:09:59,58764.6,58775.0,58764.6,58772.8,2065.0
2025-11-13 12:10:59,58772.4,58774.2,58765.2,58765.2,980.0
2025-11-13 12:11:59,58768.2,58774.2,58768.2,58770.0,700.0
2025-11-13 12:12:59,58769.0,58770.0,58760.4,58760.4,805.0
2025-11-13 12:13:59,58754.0,58768.6,58754.0,58766.6,1085.0
2025-11-13 12:14:59,58767.4,58769.0,58751.0,58761.6,525.0
2025-11-13 12:15:59,58761.4,58763.4,58757.4,58763.4,525.0
2025-11-13 12:16:59,58766.8,58768.8,58758.0,58766.2,1575.0
2025-11-13 12:17:59,58765.6,58765.6,58752.2,58755.2,805.0
2025-11-13 12:18:59,58751.4,58762.6,58751.0,58751.2,770.0
2025-11-13 12:19:59,58755.6,58758.0,58751.6,58755.0,420.0
2025-11-13 12:20:59,58754.8,58761.0,58753.4,58761.0,2065.0
2025-11-13 12:21:59,58762.0,58766.0,58755.8,58755.8,1085.0
2025-11-13 12:22:59,58762.0,58764.8,58756.8,58759.6,1890.0
2025-11-13 12:23:59,58765.0,58772.0,58761.0,58763.4,980.0
2025-11-13 12:24:59,58760.0,58770.2,58760.0,58764.0,1120.0
2025-11-13 12:25:59,58760.0,58761.2,58746.4,58746.4,1050.0
2025-11-13 12:26:59,58748.4,58750.0,58730.0,58740.0,2135.0
2025-11-13 12:27:59,58734.6,58747.6,58732.4,58747.6,840.0
2025-11-13 12:28:59,58750.0,58750.0,58740.2,58740.2,875.0
2025-11-13 12:29:59,58739.4,58747.6,58732.6,58738.8,3465.0
2025-11-13 12:30:59,58743.6,58743.6,58726.2,58726.2,2345.0
2025-11-13 12:31:59,58733.4,58738.0,58726.0,58726.0,1225.0
2025-11-13 12:32:59,58721.4,58721.4,58712.2,58712.2,910.0
2025-11-13 12:33:59,58716.0,58716.0,58700.0,58704.0,1610.0
2025-11-13 12:34:59,58700.0,58700.0,58686.4,58686.4,1785.0
2025-11-13 12:35:59,58688.0,58690.0,58681.0,58686.6,1785.0
2025-11-13 12:36:59,58686.4,58686.4,58662.8,58664.0,3185.0
2025-11-13 12:37:59,58661.6,58670.0,58650.2,58664.2,3780.0
2025-11-13 12:38:59,58666.0,58673.0,58659.4,58660.2,700.0
2025-11-13 12:39:59,58664.8,58687.8,58654.0,58687.8,1155.0
2025-11-13 12:40:59,58670.2,58690.0,58662.2,58683.8,1085.0
2025-11-13 12:41:59,58685.0,58690.0,58680.0,58680.0,945.0
2025-11-13 12:42:59,58690.0,58691.0,58680.0,58690.0,840.0
2025-11-13 12:43:59,58695.2,58695.2,58674.0,58674.0,525.0
2025-11-13 12:44:59,58675.4,58699.4,58675.2,58695.8,280.0
2025-11-13 12:45:59,58673.4,58694.4,58673.2,58676.8,1155.0
2025-11-13 12:46:59,58680.0,58682.6,58678.2,58678.2,490.0
2025-11-13 12:47:59,58689.0,58689.0,58671.6,58672.8,210.0
2025-11-13 12:48:59,58675.0,58689.0,58675.0,58689.0,350.0
2025-11-13 12:49:59,58690.0,58690.0,58679.2,58685.0,175.0
2025-11-13 12:50:59,58690.0,58690.0,58690.0,58690.0,70.0
2025-11-13 12:51:59,58685.2,58690.0,58685.0,58688.0,175.0
2025-11-13 12:52:59,58681.2,58681.2,58675.0,58675.0,595.0
2025-11-13 12:53:59,58671.6,58671.6,58655.0,58655.0,700.0
2025-11-13 12:54:59,58651.0,58660.0,58651.0,58660.0,490.0
2025-11-13 12:55:59,58667.8,58668.0,58651.2,58660.0,420.0
2025-11-13 12:56:59,58670.2,58675.0,58669.2,58669.2,175.0
2025-11-13 12:57:59,58670.0,58687.2,58670.0,58681.0,385.0
2025-11-13 12:58:59,58690.0,58699.0,58688.2,58699.0,385.0
2025-11-13 12:59:59,58700.0,58713.4,58700.0,58713.4,1890.0
2025-11-13 13:00:59,58721.6,58723.0,58712.4,58722.8,840.0
2025-11-13 13:01:59,58723.0,58723.0,58713.4,58720.0,490.0
2025-11-13 13:02:59,58722.0,58732.0,58713.2,58732.0,700.0
2025-11-13 13:03:59,58731.2,58731.2,58713.2,58728.8,3045.0
2025-11-13 13:04:59,58723.6,58732.2,58723.6,58732.2,1260.0
2025-11-13 13:05:59,58733.0,58733.0,58726.2,58733.0,525.0
2025-11-13 13:06:59,58727.4,58732.8,58727.4,58728.0,1120.0
2025-11-13 13:07:59,58728.2,58728.4,58720.4,58726.0,385.0
2025-11-13 13:08:59,58723.4,58730.0,58723.4,58730.0,175.0
2025-11-13 13:09:59,58727.0,58734.0,58726.0,58727.0,1330.0
2025-11-13 13:10:59,58728.6,58730.0,58725.6,58730.0,175.0
2025-11-13 13:11:59,58721.2,58726.4,58720.0,58724.0,840.0
2025-11-13 13:12:59,58713.4,58725.0,58713.4,58725.0,455.0
2025-11-13 13:13:59,58724.0,58730.0,58724.0,58730.0,140.0
2025-11-13 13:14:59,58720.2,58730.0,58720.2,58730.0,70.0
2025-11-13 13:15:59,58720.0,58738.0,58720.0,58738.0,1015.0
2025-11-13 13:16:59,58738.6,58740.0,58730.0,58740.0,525.0
2025-11-13 13:17:59,58742.0,58742.0,58737.4,58737.6,245.0
2025-11-13 13:18:59,58732.6,58732.8,58719.0,58729.0,595.0
2025-11-13 13:19:59,58724.4,58729.0,58724.4,58729.0,350.0
2025-11-13 13:20:59,58726.4,58729.0,58725.0,58729.0,630.0
2025-11-13 13:21:59,58730.0,58737.6,58730.0,58737.6,665.0
2025-11-13 13:22:59,58730.4,58738.0,58729.8,58738.0,350.0
2025-11-13 13:23:59,58740.0,58743.0,58740.0,58743.0,420.0
2025-11-13 13:24:59,58748.2,58748.2,58740.0,58740.0,560.0
2025-11-13 13:25:59,58735.6,58735.6,58722.0,58722.0,490.0
2025-11-13 13:26:59,58720.2,58730.0,58720.2,58730.0,210.0
2025-11-13 13:27:59,58722.8,58742.4,58722.8,58735.0,1400.0
2025-11-13 13:28:59,58736.2,58737.2,58730.8,58736.0,245.0
2025-11-13 13:29:59,58731.2,58736.0,58731.2,58736.0,315.0
2025-11-13 13:30:59,58735.8,58736.0,58732.4,58736.0,735.0
2025-11-13 13:31:59,58732.8,58736.0,58731.8,58732.4,420.0
2025-11-13 13:32:59,58729.8,58731.6,58722.2,58725.0,490.0
2025-11-13 13:33:59,58722.0,58727.0,58713.2,58727.0,875.0
2025-11-13 13:34:59,58731.2,58734.4,58729.8,58731.0,210.0
2025-11-13 13:35:59,58726.4,58736.0,58726.4,58735.8,315.0
2025-11-13 13:36:59,58736.0,58751.6,58736.0,58743.8,3255.0
2025-11-13 13:37:59,58745.8,58750.0,58744.4,58744.4,490.0
2025-11-13 13:38:59,58739.2,58746.6,58739.2,58746.0,455.0
2025-11-13 13:39:59,58750.0,58750.0,58733.2,58733.2,385.0
2025-11-13 13:40:59,58734.0,58736.6,58730.8,58736.6,350.0
2025-11-13 13:41:59,58731.8,58745.4,58731.4,58745.4,420.0
2025-11-13 13:42:59,58743.2,58749.2,58733.2,58747.8,735.0
2025-11-13 13:43:59,58744.8,58744.8,58734.8,58734.8,945.0
2025-11-13 13:44:59,58733.2,58734.6,58714.8,58714.8,1365.0
2025-11-13 13:45:59,58713.0,58732.4,58708.2,58728.6,1960.0
2025-11-13 13:46:59,58725.2,58738.2,58724.8,58730.0,665.0
2025-11-13 13:47:59,58731.2,58731.2,58716.6,58720.8,770.0
2025-11-13 13:48:59,58719.8,58719.8,58703.4,58704.6,2520.0
2025-11-13 13:49:59,58704.0,58706.6,58704.0,58705.0,1260.0
2025-11-13 13:50:59,58705.2,58709.6,58700.2,58704.6,1400.0
2025-11-13 13:51:59,58710.0,58714.0,58704.6,58704.8,665.0
2025-11-13 13:52:59,58704.6,58707.2,58694.2,58695.0,910.0
2025-11-13 13:53:59,58690.0,58699.8,58676.4,58677.0,1715.0
2025-11-13 13:54:59,58676.8,58676.8,58671.8,58676.0,3010.0
2025-11-13 13:55:59,58691.6,58701.2,58691.6,58695.8,1925.0
2025-11-13 13:56:59,58686.2,58686.2,58660.2,58675.0,1505.0
2025-11-13 13:57:59,58667.4,58676.0,58663.8,58665.0,630.0
2025-11-13 13:58:59,58662.0,58675.8,58655.0,58655.2,1610.0
2025-11-13 13:59:59,58655.6,58655.6,58603.0,58608.6,10255.0
2025-11-13 14:00:59,58602.0,58603.0,58555.0,58560.0,9345.0
2025-11-13 14:01:59,58558.8,58600.2,58555.0,58570.0,10115.0
2025-11-13 14:02:59,58567.8,58570.0,58552.2,58565.0,7700.0
2025-11-13 14:03:59,58561.2,58574.8,58550.0,58569.4,5460.0
2025-11-13 14:04:59,58562.0,58590.6,58562.0,58570.0,5145.0
2025-11-13 14:05:59,58570.4,58600.4,58566.6,58600.4,2660.0
2025-11-13 14:06:59,58600.0,58613.0,58566.6,58600.0,3850.0
2025-11-13 14:07:59,58586.2,58586.2,58575.0,58575.0,840.0
2025-11-13 14:08:59,58571.0,58585.0,58540.4,58545.0,6895.0
2025-11-13 14:09:59,58550.0,58560.6,58541.0,58541.2,2520.0
2025-11-13 14:10:59,58544.4,58559.4,58502.0,58502.0,8400.0
2025-11-13 14:11:59,58501.4,58549.2,58501.4,58533.0,7630.0
2025-11-13 14:12:59,58535.4,58558.4,58510.0,58510.0,4970.0
2025-11-13 14:13:59,58505.0,58548.8,58500.0,58532.2,4305.0
2025-11-13 14:14:59,58537.2,58571.4,58536.4,58555.2,4585.0
2025-11-13 14:15:59,58550.0,58575.0,58543.0,58575.0,3185.0
2025-11-13 14:16:59,58570.4,58592.8,58556.2,58576.8,6020.0
2025-11-13 14:17:59,58570.2,58594.2,58570.2,58594.2,1750.0
2025-11-13 14:18:59,58594.6,58626.0,58575.2,58615.2,3290.0
2025-11-13 14:19:59,58616.4,58629.8,58605.0,58620.0,5460.0
2025-11-13 14:20:59,58605.2,58627.0,58593.8,58596.0,1470.0
2025-11-13 14:21:59,58600.0,58617.4,58596.2,58597.6,490.0
2025-11-13 14:22:59,58596.6,58600.0,58581.4,58599.8,665.0
2025-11-13 14:23:59,58589.8,58604.8,58589.2,58595.0,1295.0
2025-11-13 14:24:59,58580.2,58614.6,58575.0,58600.0,1190.0
2025-11-13 14:25:59,58595.0,58600.0,58592.0,58592.0,875.0
2025-11-13 14:26:59,58586.4,58588.0,58578.2,58588.0,2520.0
2025-11-13 14:27:59,58600.0,58600.0,58584.2,58600.0,245.0
2025-11-13 14:28:59,58602.0,58608.2,58595.2,58608.0,315.0
2025-11-13 14:29:59,58602.2,58620.0,58602.2,58620.0,280.0
2025-11-13 14:30:59,58623.0,58623.2,58602.4,58614.4,665.0
2025-11-13 14:31:59,58610.0,58616.8,58604.0,58604.0,280.0
2025-11-13 14:32:59,58604.2,58613.8,58600.0,58600.0,490.0
2025-11-13 14:33:59,58601.0,58618.0,58594.2,58618.0,665.0
2025-11-13 14:34:59,58611.8,58611.8,58580.2,58580.2,630.0
2025-11-13 14:35:59,58580.0,58580.8,58567.6,58577.6,1295.0
2025-11-13 14:36:59,58572.0,58595.0,58572.0,58595.0,770.0
2025-11-13 14:37:59,58599.2,58600.0,58585.0,58585.0,875.0
2025-11-13 14:38:59,58585.2,58585.2,58570.0,58585.0,420.0
2025-11-13 14:39:59,58573.8,58574.8,58572.2,58574.8,280.0
2025-11-13 14:40:59,58567.0,58587.8,58563.6,58587.8,1750.0
2025-11-13 14:41:59,58568.4,58591.2,58568.4,58591.0,385.0
2025-11-13 14:42:59,58591.8,58595.4,58580.0,58591.2,560.0
2025-11-13 14:43:59,58595.4,58597.0,58577.8,58580.0,910.0
2025-11-13 14:44:59,58593.8,58594.6,58580.0,58580.0,280.0
2025-11-13 14:45:59,58587.2,58591.4,58575.0,58591.4,630.0
2025-11-13 14:46:59,58593.8,58593.8,58580.2,58585.0,315.0
2025-11-13 14:47:59,58590.0,58590.0,58579.8,58580.0,1505.0
2025-11-13 14:48:59,58591.0,58617.8,58590.0,58598.2,595.0
2025-11-13 14:49:59,58613.4,58613.4,58600.0,58605.0,175.0
2025-11-13 14:50:59,58587.4,58596.6,58582.0,58596.6,420.0
2025-11-13 14:51:59,58585.0,58585.0,58565.0,58580.2,455.0
2025-11-13 14:52:59,58565.0,58570.0,58560.0,58565.2,525.0
2025-11-13 14:53:59,58560.0,58560.0,58534.6,58534.6,1995.0
2025-11-13 14:54:59,58533.6,58573.6,58533.6,58573.6,3150.0
2025-11-13 14:55:59,58557.0,58568.2,58546.6,58547.0,4270.0
2025-11-13 14:56:59,58553.0,58573.0,58553.0,58573.0,1190.0
2025-11-13 14:57:59,58577.0,58580.0,58570.0,58572.6,2520.0
2025-11-13 14:58:59,58568.6,58568.6,58550.0,58550.0,770.0
2025-11-13 14:59:59,58545.0,58548.4,58522.6,58527.8,1540.0
2025-11-13 15:00:59,58526.8,58540.6,58523.6,58526.0,2625.0
2025-11-13 15:01:59,58525.0,58536.2,58520.6,58521.0,1610.0
2025-11-13 15:02:59,58525.0,58560.0,58523.8,58560.0,4235.0
2025-11-13 15:03:59,58555.6,58568.6,58535.2,58558.6,1995.0
2025-11-13 15:04:59,58537.4,58558.0,58535.0,58550.0,770.0
2025-11-13 15:05:59,58536.0,58542.8,58530.0,58533.0,1715.0
2025-11-13 15:06:59,58525.0,58537.2,58520.0,58525.0,1120.0
2025-11-13 15:07:59,58529.8,58530.0,58520.0,58520.0,1575.0
2025-11-13 15:08:59,58530.0,58560.4,58525.8,58529.2,3780.0
2025-11-13 15:09:59,58530.6,58530.6,58515.0,58520.0,1680.0
2025-11-13 15:10:59,58515.4,58515.4,58505.0,58510.0,3045.0
2025-11-13 15:11:59,58510.2,58520.0,58508.2,58515.0,4025.0
2025-11-13 15:12:59,58512.0,58515.0,58506.8,58515.0,5145.0
2025-11-13 15:13:59,58515.2,58540.0,58510.6,58535.0,5215.0
2025-11-13 15:14:59,58534.8,58539.8,58526.6,58532.4,1925.0
2025-11-13 15:15:59,58539.8,58570.0,58534.2,58564.8,2765.0
2025-11-13 15:16:59,58572.6,58595.0,58569.8,58595.0,3850.0
2025-11-13 15:17:59,58597.0,58597.0,58560.0,58560.0,3570.0
2025-11-13 15:18:59,58561.6,58581.0,58558.8,58569.8,1190.0
2025-11-13 15:19:59,58567.2,58573.2,58530.0,58555.8,1715.0
2025-11-13 15:20:59,58560.0,58574.0,58550.0,58560.8,2310.0
2025-11-13 15:21:59,58559.8,58565.0,58550.2,58559.8,700.0
2025-11-13 15:22:59,58555.2,58564.6,58545.2,58564.6,3500.0
2025-11-13 15:23:59,58550.0,58550.0,58526.0,58535.0,1610.0
2025-11-13 15:24:59,58540.8,58555.0,58526.8,58555.0,2625.0
2025-11-13 15:25:59,58538.6,58553.6,58526.4,58541.8,16870.0
2025-11-13 15:26:59,58541.6,58541.6,58520.0,58535.0,12005.0
2025-11-13 15:27:59,58534.0,58540.0,58515.2,58524.0,3780.0
2025-11-13 15:28:59,58520.2,58539.0,58520.2,58525.4,2940.0
2025-11-13 15:29:59,58521.8,58539.8,58520.0,58538.2,3885.0
